gameId,gameDateTimeEst,gameType,gameLabel,gameSubLabel,seriesGameNumber,teamId,teamCity,teamName,opponentTeamId,opponentTeamCity,opponentTeamName,home,win,teamScore,opponentScore,seed,numMinutes,assists,steals,blocks,blocksAgainst,fieldGoalsMade,fieldGoalsAttempted,fieldGoalsPercentage,threePointersMade,threePointersAttempted,threePointersPercentage,freeThrowsMade,freeThrowsAttempted,freeThrowsPercentage,reboundsOffensive,reboundsDefensive,reboundsTotal,reboundsTeam,foulsPersonal,personalFoulsDrawn,turnovers,turnoversTeam,plusMinusPoints,q1Points,q2Points,q3Points,q4Points,ot1Points,ot2Points,otAllPoints,benchPoints,biggestLead,biggestScoringRun,leadChanges,pointsFastBreak,pointsFromTurnovers,pointsInThePaint,pointsSecondChance,timesTied,timeoutsRemaining,seasonWins,seasonLosses,estimatedOffensiveRating,offensiveRating,estimatedDefensiveRating,defensiveRating,estimatedNetRating,netRating,assistPercentage,assistToTurnoverRatio,assistRatio,offensiveReboundPercentage,defensiveReboundPercentage,reboundPercentage,teamTurnoverPercentage,effectiveFieldGoalPercentage,trueShootingPercentage,estimatedPace,pace,pacePer40,possessions,playerImpactEstimate,pointsOffTurnovers,opponentPointsOffTurnovers,opponentPointsSecondChance,opponentPointsFastBreak,opponentPointsInPaint,percentFieldGoalAttempts2Point,percentFieldGoalAttempts3Point,percentPoints2Point,percentPoints2PointMidRange,percentPoints3Point,percentPointsFastBreak,percentPointsFreeThrow,percentPointsOffTurnovers,percentPointsInPaint,percentAssisted2PointMade,percentUnassisted2PointMade,percentAssisted3PointMade,percentUnassisted3PointMade,percentAssistedFieldGoalsMade,percentUnassistedFieldGoalsMade,freeThrowAttemptRate,opponentEffectiveFieldGoalPercentage,opponentFreeThrowAttemptRate,opponentTurnoverPercentage,opponentOffensiveReboundPercentage
20700947,2008-03-11 19:00:00,Regular Season,,,,1610612754,Indiana,Pacers,1610612760,Seattle,SuperSonics,1,1,114,107,,240.0,21,7,8,1,42,92,0.457,7,24,0.292,23,28,0.821,13,31,44,13,21,23,13,1,7,31,25,30,28,,,,20,12,9,8,8,13,42,22,7,0,25,39,109.3,111.8,102.8,104.9,6.5,6.9,0.5,1.62,15.2,0.314,0.841,0.558,0.127,0.495,0.546,104.2,102.0,85.0,102,0.532,13.0,17.0,10.0,28.0,34.0,0.739,0.261,0.614,0.246,0.184,0.07,0.202,0.114,0.368,0.429,0.571,0.857,0.143,0.5,0.5,0.304,0.536,0.277,0.157,0.159
20700947,2008-03-11 19:00:00,Regular Season,,,,1610612760,Seattle,SuperSonics,1610612754,Indiana,Pacers,0,0,107,114,,240.0,21,6,1,8,42,83,0.506,5,8,0.625,18,23,0.783,5,31,36,8,23,21,16,2,-7,24,31,27,25,,,,34,5,8,8,28,17,34,10,7,0,16,48,102.8,104.9,109.3,111.8,-6.5,-6.9,0.5,1.31,16.3,0.159,0.686,0.442,0.157,0.536,0.575,104.2,102.0,85.0,102,0.468,17.0,13.0,22.0,8.0,42.0,0.904,0.096,0.692,0.374,0.14,0.262,0.168,0.159,0.318,0.459,0.541,0.8,0.2,0.5,0.5,0.277,0.495,0.304,0.127,0.314
20700934,2008-03-09 13:00:00,Regular Season,,,,1610612760,Seattle,SuperSonics,1610612761,Toronto,Raptors,0,0,106,114,,240.0,28,8,2,2,40,74,0.541,2,9,0.222,24,27,0.889,6,32,38,8,18,20,22,1,-8,31,27,21,27,,,,33,12,10,8,21,17,42,6,7,0,16,47,104.0,106.0,113.1,114.0,-9.1,-8.0,0.7,1.27,20.4,,0.708,,0.22,0.554,0.617,101.3,100.0,83.33,100,0.499,17.0,30.0,13.0,7.0,50.0,0.878,0.122,0.717,0.321,0.057,0.198,0.226,0.16,0.396,0.684,0.316,1.0,0.0,0.7,0.3,0.365,0.522,0.217,0.11,0.292
20700934,2008-03-09 13:00:00,Regular Season,,,,1610612761,Toronto,Raptors,1610612760,Seattle,SuperSonics,1,1,114,106,,240.0,26,10,2,2,45,92,0.489,6,19,0.316,18,20,0.9,11,25,36,4,20,18,11,1,8,24,30,35,25,,,,43,15,8,8,7,30,50,13,7,0,34,28,113.1,114.0,104.0,106.0,9.1,8.0,0.578,2.36,18.7,0.292,,,0.11,0.522,0.565,101.3,100.0,83.33,100,0.501,30.0,17.0,6.0,21.0,42.0,0.793,0.207,0.684,0.246,0.158,0.061,0.158,0.263,0.439,0.538,0.462,0.833,0.167,0.578,0.422,0.217,0.554,0.365,0.22,
20700913,2008-03-07 19:00:00,Regular Season,,,,1610612760,Seattle,SuperSonics,1610612755,Philadelphia,76ers,0,0,83,117,,240.0,22,5,5,2,36,75,0.48,2,10,0.2,9,14,0.643,6,29,35,4,16,14,21,0,-34,22,30,14,17,,,,25,2,6,2,13,13,38,4,3,0,16,46,86.3,84.7,117.2,119.4,-30.9,-34.7,0.611,1.05,17.6,,0.721,,0.214,0.493,0.511,98.0,98.0,81.67,98,0.337,13.0,32.0,13.0,25.0,62.0,0.867,0.133,0.819,0.361,0.072,0.157,0.108,0.157,0.458,0.588,0.412,1.0,0.0,0.611,0.389,0.187,0.584,0.225,0.122,0.279
20700913,2008-03-07 19:00:00,Regular Season,,,,1610612755,Philadelphia,76ers,1610612760,Seattle,SuperSonics,1,1,117,83,,240.0,29,12,2,5,50,89,0.562,4,8,0.5,13,20,0.65,10,33,43,8,14,16,12,0,34,33,28,27,29,,,,47,39,8,2,25,32,62,13,3,0,29,33,117.2,119.4,86.3,84.7,30.9,34.7,0.58,2.42,20.9,0.279,,,0.122,0.584,0.598,98.0,98.0,81.67,98,0.663,32.0,13.0,4.0,13.0,38.0,0.91,0.09,0.786,0.256,0.103,0.214,0.111,0.274,0.53,0.543,0.457,1.0,0.0,0.58,0.42,0.225,0.493,0.187,0.214,
20700902,2008-03-05 20:00:00,Regular Season,,,,1610612749,Milwaukee,Bucks,1610612760,Seattle,SuperSonics,1,1,118,106,,240.0,36,8,6,5,45,93,0.484,8,20,0.4,20,31,0.645,11,34,45,11,21,25,12,0,12,39,30,29,20,,,,25,23,14,4,22,21,54,18,4,0,23,38,109.6,112.4,99.4,101.0,10.2,11.4,0.8,3.0,23.2,0.278,0.75,0.5,0.114,0.527,0.553,107.1,105.0,87.5,105,0.573,21.0,11.0,11.0,30.0,54.0,0.785,0.215,0.627,0.169,0.203,0.186,0.169,0.178,0.458,0.757,0.243,1.0,0.0,0.8,0.2,0.333,0.483,0.36,0.133,0.25
20700902,2008-03-05 20:00:00,Regular Season,,,,1610612760,Seattle,SuperSonics,1610612749,Milwaukee,Bucks,0,0,106,118,,240.0,19,8,5,6,40,86,0.465,3,8,0.375,23,31,0.742,7,38,45,12,25,21,14,0,-12,24,30,29,23,,,,38,3,8,4,30,11,54,11,4,0,16,45,99.4,101.0,109.6,112.4,-10.2,-11.4,0.475,1.36,14.2,0.25,0.722,0.5,0.133,0.483,0.532,107.1,105.0,87.5,105,0.427,11.0,21.0,18.0,22.0,54.0,0.907,0.093,0.698,0.189,0.085,0.283,0.217,0.104,0.509,0.486,0.514,0.333,0.667,0.475,0.525,0.36,0.527,0.333,0.114,0.278
20700891,2008-03-04 19:30:00,Regular Season,,,,1610612760,Seattle,SuperSonics,1610612765,Detroit,Pistons,0,0,97,100,,240.0,18,5,3,10,37,81,0.457,3,11,0.273,20,25,0.8,12,35,47,10,26,23,20,2,-3,41,13,24,19,,,,11,15,6,5,11,14,30,15,2,0,16,44,97.0,103.2,109.6,105.3,-12.6,-2.1,0.486,0.9,14.1,0.378,0.679,0.541,0.213,0.475,0.527,95.6,94.5,78.75,94,0.458,14.0,8.0,14.0,4.0,24.0,0.864,0.136,0.701,0.392,0.093,0.113,0.206,0.144,0.309,0.441,0.559,1.0,0.0,0.486,0.514,0.309,0.437,0.468,0.126,0.321
20700891,2008-03-04 19:30:00,Regular Season,,,,1610612765,Detroit,Pistons,1610612760,Seattle,SuperSonics,1,1,100,97,,240.0,23,10,10,3,30,79,0.38,9,19,0.474,31,37,0.838,16,24,40,7,23,26,12,0,3,28,25,24,23,,,,27,10,9,5,4,8,24,14,2,0,44,16,109.6,105.3,97.0,103.2,12.6,2.1,0.767,1.92,17.0,0.321,0.622,0.459,0.126,0.437,0.525,95.6,94.5,78.75,95,0.542,8.0,14.0,15.0,11.0,30.0,0.759,0.241,0.42,0.18,0.27,0.04,0.31,0.08,0.24,0.714,0.286,0.889,0.111,0.767,0.233,0.468,0.475,0.309,0.213,0.378
20700882,2008-03-02 18:30:00,Regular Season,,,,1610612750,Minnesota,Timberwolves,1610612760,Seattle,SuperSonics,1,0,108,111,,265.0,29,14,2,6,46,93,0.495,3,9,0.333,13,22,0.591,15,23,38,11,18,15,15,0,-3,26,25,25,26,6,,6,43,5,9,5,16,26,64,16,6,0,12,46,105.2,105.9,109.2,108.8,-4.0,-2.9,0.63,1.93,19.7,0.353,0.684,0.494,0.147,0.511,0.526,92.5,92.38,76.98,102,0.459,26.0,15.0,13.0,19.0,42.0,0.903,0.097,0.796,0.204,0.083,0.148,0.12,0.241,0.593,0.605,0.395,1.0,0.0,0.63,0.37,0.237,0.575,0.275,0.216,0.316
20700882,2008-03-02 18:30:00,Regular Season,,,,1610612760,Seattle,SuperSonics,1610612750,Minnesota,Timberwolves,0,1,111,108,,265.0,28,8,6,2,44,80,0.55,4,7,0.571,19,22,0.864,10,31,41,5,15,18,22,2,3,34,24,17,27,9,,9,40,15,7,5,19,15,42,13,6,0,16,43,109.2,108.8,105.2,105.9,4.0,2.9,0.636,1.27,19.7,0.316,0.647,0.506,0.216,0.575,0.619,92.5,92.38,76.98,102,0.541,15.0,26.0,16.0,16.0,64.0,0.913,0.088,0.721,0.342,0.108,0.171,0.171,0.135,0.378,0.625,0.375,0.75,0.25,0.636,0.364,0.275,0.511,0.237,0.147,0.353
20700869,2008-02-29 22:30:00,Regular Season,,,,1610612748,Miami,Heat,1610612760,Seattle,SuperSonics,0,1,103,93,,240.0,22,9,6,7,42,95,0.442,5,13,0.385,14,19,0.737,17,26,43,9,24,16,9,0,10,25,19,33,26,,,,35,10,10,6,4,18,46,18,7,0,11,46,108.0,109.6,95.6,97.9,12.5,11.7,0.524,2.44,16.4,,0.689,,0.096,0.468,0.498,96.3,94.5,78.75,94,0.488,18.0,7.0,16.0,23.0,52.0,0.863,0.137,0.718,0.272,0.146,0.039,0.136,0.175,0.447,0.459,0.541,1.0,0.0,0.524,0.476,0.2,0.461,0.368,0.179,0.311
20700869,2008-02-29 22:30:00,Regular Season,,,,1610612760,Seattle,SuperSonics,1610612748,Miami,Heat,1,0,93,103,,240.0,23,4,7,6,34,76,0.447,2,7,0.286,23,28,0.821,8,37,45,8,16,24,17,0,-10,26,21,29,17,,,,28,10,7,6,23,7,52,16,7,0,15,43,95.6,97.9,108.0,109.6,-12.5,-11.7,0.676,1.35,17.7,0.311,,,0.179,0.461,0.526,96.3,94.5,78.75,95,0.512,7.0,18.0,18.0,4.0,46.0,0.908,0.092,0.688,0.129,0.065,0.247,0.247,0.075,0.559,0.656,0.344,1.0,0.0,0.676,0.324,0.368,0.468,0.2,0.096,
20700853,2008-02-27 22:00:00,Regular Season,,,,1610612743,Denver,Nuggets,1610612760,Seattle,SuperSonics,0,1,138,96,,240.0,35,13,7,1,59,88,0.67,9,17,0.529,11,16,0.688,7,42,49,3,16,15,17,0,42,31,33,36,38,,,,44,42,10,2,38,22,72,8,2,0,34,23,131.4,130.2,88.3,90.6,43.0,39.6,0.593,2.06,23.5,0.25,,,0.16,0.722,0.726,106.9,106.0,88.33,106,0.753,22.0,19.0,15.0,4.0,42.0,0.807,0.193,0.725,0.203,0.196,0.275,0.08,0.159,0.522,0.52,0.48,1.0,0.0,0.593,0.407,0.182,0.377,0.216,0.151,
20700853,2008-02-27 22:00:00,Regular Season,,,,1610612760,Seattle,SuperSonics,1610612743,Denver,Nuggets,1,0,96,138,,240.0,15,10,1,7,37,102,0.363,3,11,0.273,19,22,0.864,19,23,42,8,15,16,16,0,-42,19,26,30,21,,,,39,2,6,2,4,19,42,15,2,0,15,42,88.3,90.6,131.4,130.2,-43.0,-39.6,0.405,0.94,10.5,,0.75,,0.151,0.377,0.43,106.9,106.0,88.33,106,0.247,19.0,22.0,8.0,38.0,72.0,0.892,0.108,0.708,0.271,0.094,0.042,0.198,0.198,0.438,0.382,0.618,0.667,0.333,0.405,0.595,0.216,0.722,0.182,0.16,0.25
20700844,2008-02-26 22:30:00,Regular Season,,,,1610612760,Seattle,SuperSonics,1610612744,Golden State,Warriors,0,0,99,105,,240.0,30,7,8,5,45,89,0.506,0,4,0.0,9,13,0.692,15,37,52,7,18,16,25,1,-6,32,25,17,25,,,,25,13,12,5,31,16,70,17,5,0,15,41,94.5,98.0,103.1,104.0,-8.6,-5.9,0.667,1.2,20.1,0.391,0.672,0.548,0.248,0.506,0.523,103.3,101.0,84.17,101,0.504,16.0,32.0,18.0,36.0,68.0,0.955,0.045,0.909,0.202,0.0,0.313,0.091,0.162,0.707,0.667,0.333,0.0,0.0,0.667,0.333,0.146,0.471,0.108,0.119,0.328
20700844,2008-02-26 22:30:00,Regular Season,,,,1610612744,Golden State,Warriors,1610612760,Seattle,SuperSonics,1,1,105,99,,240.0,24,14,5,8,45,102,0.441,6,21,0.286,9,11,0.818,17,25,42,6,16,18,12,0,6,27,26,27,25,,,,31,16,13,5,36,32,68,18,5,0,34,22,103.1,104.0,94.5,98.0,8.6,5.9,0.533,2.0,16.8,0.328,0.609,0.452,0.119,0.471,0.491,103.3,101.0,84.17,101,0.496,32.0,16.0,17.0,31.0,70.0,0.794,0.206,0.743,0.095,0.171,0.343,0.086,0.305,0.648,0.487,0.513,0.833,0.167,0.533,0.467,0.108,0.506,0.146,0.248,0.391
20700830,2008-02-24 21:00:00,Regular Season,,,,1610612747,Los Angeles,Lakers,1610612760,Seattle,SuperSonics,0,1,111,91,,240.0,28,8,7,7,45,92,0.489,11,21,0.524,10,16,0.625,11,32,43,10,13,15,13,2,20,34,28,31,18,,,,28,31,13,0,10,20,46,16,0,0,39,17,109.9,113.3,87.2,93.8,22.7,19.5,0.622,2.15,19.9,0.3,0.614,0.467,0.133,0.549,0.56,102.7,97.5,81.25,98,0.621,20.0,10.0,18.0,10.0,38.0,0.772,0.228,0.613,0.198,0.297,0.09,0.09,0.18,0.414,0.559,0.441,0.818,0.182,0.622,0.378,0.174,0.411,0.2,0.175,0.386
20700830,2008-02-24 21:00:00,Regular Season,,,,1610612760,Seattle,SuperSonics,1610612747,Los Angeles,Lakers,1,0,91,111,,240.0,19,6,7,7,38,95,0.4,2,8,0.25,13,19,0.684,16,34,50,13,15,13,17,2,-20,18,25,27,21,,,,34,0,7,0,10,10,38,18,0,0,15,40,87.2,93.8,109.9,113.3,-22.7,-19.5,0.5,1.12,13.9,0.386,0.7,0.533,0.175,0.411,0.44,102.7,97.5,81.25,97,0.379,10.0,20.0,16.0,10.0,46.0,0.916,0.084,0.791,0.374,0.066,0.11,0.143,0.11,0.418,0.5,0.5,0.5,0.5,0.5,0.5,0.2,0.549,0.174,0.133,0.3
20700815,2008-02-22 22:30:00,Regular Season,,,,1610612757,Portland,Trail Blazers,1610612760,Seattle,SuperSonics,0,0,87,99,,240.0,17,8,4,3,29,78,0.372,4,18,0.222,25,30,0.833,14,27,41,5,22,25,13,1,-12,19,19,22,27,,,,32,0,6,0,12,13,38,12,0,0,29,26,96.5,94.6,108.4,106.5,-12.0,-11.9,0.586,1.31,13.7,0.294,0.622,0.448,0.141,0.397,0.477,90.8,92.5,77.08,92,0.472,13.0,11.0,15.0,11.0,40.0,0.769,0.231,0.575,0.138,0.138,0.138,0.287,0.149,0.437,0.52,0.48,1.0,0.0,0.586,0.414,0.385,0.494,0.359,0.172,0.378
20700815,2008-02-22 22:30:00,Regular Season,,,,1610612760,Seattle,SuperSonics,1610612757,Portland,Trail Blazers,1,1,99,87,,240.0,13,5,3,4,36,78,0.462,5,8,0.625,22,28,0.786,15,29,44,12,25,22,16,0,12,29,23,19,28,,,,41,19,8,0,11,11,40,15,0,0,15,39,108.4,106.5,96.5,94.6,12.0,11.9,0.361,0.81,10.7,0.378,0.706,0.552,0.172,0.494,0.548,90.8,92.5,77.08,93,0.528,11.0,13.0,12.0,12.0,38.0,0.897,0.103,0.626,0.222,0.152,0.111,0.222,0.111,0.404,0.258,0.742,1.0,0.0,0.361,0.639,0.359,0.397,0.385,0.141,0.294
20700802,2008-02-21 22:30:00,Regular Season,,,,1610612760,Seattle,SuperSonics,1610612757,Portland,Trail Blazers,0,0,88,92,,240.0,19,2,3,11,31,80,0.388,6,13,0.462,20,31,0.645,13,38,51,11,28,20,15,0,-4,25,16,26,21,,,,30,4,6,6,19,8,40,11,10,0,14,39,92.0,94.6,97.7,97.9,-5.7,-3.2,0.613,1.27,14.8,0.286,0.778,0.527,0.161,0.425,0.47,94.9,93.5,77.92,93,0.39,8.0,12.0,16.0,9.0,20.0,0.838,0.163,0.568,0.114,0.205,0.216,0.227,0.091,0.455,0.56,0.44,0.833,0.167,0.613,0.387,0.388,0.428,0.513,0.117,0.222
20700802,2008-02-21 22:30:00,Regular Season,,,,1610612757,Portland,Trail Blazers,1610612760,Seattle,SuperSonics,1,1,92,88,,240.0,20,10,11,3,29,76,0.382,7,19,0.368,27,39,0.692,10,39,49,8,20,28,11,3,4,23,28,19,22,,,,29,14,7,6,9,12,20,16,10,0,29,25,97.7,97.9,92.0,94.6,5.7,3.2,0.69,1.82,16.0,0.222,0.714,0.473,0.117,0.428,0.494,94.9,93.5,77.92,94,0.61,12.0,8.0,11.0,19.0,40.0,0.75,0.25,0.478,0.261,0.228,0.098,0.293,0.13,0.217,0.591,0.409,1.0,0.0,0.69,0.31,0.513,0.425,0.388,0.161,0.286
20700788,2008-02-19 22:00:00,Regular Season,,,,1610612760,Seattle,SuperSonics,1610612763,Memphis,Grizzlies,1,1,108,101,,240.0,23,5,4,7,42,80,0.525,7,11,0.636,17,25,0.68,9,40,49,5,21,20,20,0,7,27,21,32,28,,,,48,7,10,11,6,9,30,10,14,0,14,38,105.9,104.9,95.4,97.1,10.5,7.7,0.548,1.15,17.0,,0.7,,0.194,0.569,0.593,104.0,103.5,86.25,103,0.541,9.0,23.0,4.0,11.0,50.0,0.863,0.138,0.648,0.37,0.194,0.056,0.157,0.083,0.278,0.486,0.514,0.857,0.143,0.548,0.452,0.313,0.449,0.184,0.125,0.3
20700788,2008-02-19 22:00:00,Regular Season,,,,1610612763,Memphis,Grizzlies,1610612760,Seattle,SuperSonics,0,0,101,108,,240.0,22,11,7,4,41,98,0.418,6,19,0.316,13,18,0.722,13,32,45,9,20,21,13,1,-7,31,31,16,23,,,,37,19,10,11,11,23,50,4,14,0,14,39,95.4,97.1,105.9,104.9,-10.5,-7.7,0.537,1.69,15.5,0.3,,,0.125,0.449,0.477,104.0,103.5,86.25,104,0.459,23.0,9.0,10.0,6.0,30.0,0.806,0.194,0.693,0.198,0.178,0.109,0.129,0.228,0.495,0.457,0.543,1.0,0.0,0.537,0.463,0.184,0.569,0.313,0.194,
20700776,2008-02-13 22:00:00,Regular Season,,,,1610612762,Utah,Jazz,1610612760,Seattle,SuperSonics,0,1,112,93,,240.0,28,14,3,3,41,80,0.513,2,11,0.182,28,36,0.778,14,27,41,10,20,24,17,2,19,27,22,32,31,,,,29,21,10,0,12,24,54,12,4,0,34,19,113.3,115.5,95.1,94.9,18.2,20.6,0.683,1.65,19.9,0.395,0.612,0.511,0.175,0.525,0.584,98.3,97.5,81.25,97,0.612,24.0,14.0,17.0,20.0,50.0,0.863,0.138,0.696,0.214,0.054,0.107,0.25,0.214,0.482,0.667,0.333,1.0,0.0,0.683,0.317,0.45,0.464,0.238,0.204,0.388
20700776,2008-02-13 22:00:00,Regular Season,,,,1610612760,Seattle,SuperSonics,1610612762,Utah,Jazz,1,0,93,112,,240.0,27,9,3,3,38,84,0.452,2,11,0.182,15,20,0.75,15,24,39,8,24,20,20,2,-19,24,23,26,20,,,,38,0,8,0,20,14,50,17,4,0,13,38,95.1,94.9,113.3,115.5,-18.2,-20.6,0.711,1.35,18.9,0.388,0.605,0.489,0.204,0.464,0.501,98.3,97.5,81.25,98,0.388,14.0,24.0,12.0,12.0,54.0,0.869,0.131,0.774,0.237,0.065,0.215,0.161,0.151,0.538,0.694,0.306,1.0,0.0,0.711,0.289,0.238,0.525,0.45,0.175,0.395
20700734,2008-02-08 21:00:00,Regular Season,,,,1610612760,Seattle,SuperSonics,1610612756,Phoenix,Suns,0,0,99,103,,240.0,19,3,8,9,41,97,0.423,3,10,0.3,14,19,0.737,18,36,54,8,22,23,14,0,-4,23,26,25,25,,,,43,3,9,13,13,10,36,23,10,0,13,37,97.7,99.0,102.9,104.0,-5.2,-5.0,0.463,1.36,13.7,0.397,,,0.14,0.438,0.47,100.7,99.5,82.92,100,0.453,10.0,15.0,19.0,29.0,30.0,0.897,0.103,0.768,0.404,0.091,0.131,0.141,0.101,0.364,0.421,0.579,1.0,0.0,0.463,0.537,0.196,0.413,0.372,0.131,
20700734,2008-02-08 21:00:00,Regular Season,,,,1610612756,Phoenix,Suns,1610612760,Seattle,SuperSonics,1,1,103,99,,240.0,21,7,9,8,34,86,0.395,3,15,0.2,32,32,1.0,13,34,47,4,23,22,13,0,4,26,27,25,25,,,,23,8,7,13,29,15,30,19,10,0,35,15,102.9,104.0,97.7,99.0,5.2,5.0,0.618,1.62,15.4,,0.603,,0.131,0.413,0.515,100.7,99.5,82.92,99,0.547,15.0,10.0,23.0,13.0,36.0,0.826,0.174,0.602,0.311,0.087,0.282,0.311,0.146,0.291,0.645,0.355,0.333,0.667,0.618,0.382,0.372,0.438,0.196,0.14,0.397
20700721,2008-02-06 22:00:00,Regular Season,,,,1610612758,Sacramento,Kings,1610612760,Seattle,SuperSonics,1,0,92,105,,240.0,14,10,2,7,36,98,0.367,7,22,0.318,13,20,0.65,14,28,42,9,16,17,11,0,-13,29,20,24,19,,,,36,12,8,1,9,20,46,13,1,0,22,25,88.6,94.8,106.7,108.2,-18.0,-13.4,0.389,1.27,10.8,,0.744,,0.113,0.403,0.431,101.1,97.0,80.83,97,0.331,20.0,7.0,9.0,19.0,40.0,0.776,0.224,0.63,0.13,0.228,0.098,0.141,0.217,0.5,0.31,0.69,0.714,0.286,0.389,0.611,0.204,0.559,0.342,0.186,0.256
20700721,2008-02-06 22:00:00,Regular Season,,,,1610612760,Seattle,SuperSonics,1610612758,Sacramento,Kings,0,1,105,92,,240.0,27,4,7,2,40,76,0.526,5,10,0.5,20,26,0.769,7,47,54,6,17,16,18,0,13,25,23,33,24,,,,32,21,15,1,19,7,40,9,1,0,13,36,106.7,108.2,88.6,94.8,18.0,13.4,0.675,1.5,20.3,0.256,,,0.186,0.559,0.6,101.1,97.0,80.83,97,0.669,7.0,20.0,13.0,9.0,46.0,0.868,0.132,0.667,0.286,0.143,0.181,0.19,0.067,0.381,0.686,0.314,0.6,0.4,0.675,0.325,0.342,0.403,0.204,0.113,
20700706,2008-02-04 22:00:00,Regular Season,,,,1610612760,Seattle,SuperSonics,1610612741,Chicago,Bulls,1,0,108,118,,240.0,25,7,8,3,39,80,0.488,7,16,0.438,23,26,0.885,11,24,35,6,30,19,14,0,-10,25,24,24,35,,,,61,3,7,2,7,17,36,9,0,0,12,36,114.4,113.7,116.4,124.2,-2.0,-10.5,0.641,1.79,18.9,0.31,0.456,0.394,0.147,0.531,0.591,97.9,95.0,79.17,95,0.474,17.0,16.0,26.0,15.0,52.0,0.8,0.2,0.593,0.259,0.194,0.065,0.213,0.157,0.333,0.594,0.406,0.857,0.143,0.641,0.359,0.325,0.495,0.365,0.137,0.544
20700706,2008-02-04 22:00:00,Regular Season,,,,1610612741,Chicago,Bulls,1610612760,Seattle,SuperSonics,0,1,118,108,,240.0,25,8,3,8,44,96,0.458,7,14,0.5,23,35,0.657,23,27,50,17,19,30,13,0,10,27,29,27,35,,,,47,15,8,2,15,16,52,26,0,0,19,28,116.4,124.2,114.4,113.7,2.0,10.5,0.568,1.92,16.8,0.544,0.69,0.606,0.137,0.495,0.53,97.9,95.0,79.17,95,0.526,16.0,17.0,9.0,7.0,36.0,0.854,0.146,0.627,0.186,0.178,0.127,0.195,0.136,0.441,0.486,0.514,1.0,0.0,0.568,0.432,0.365,0.531,0.325,0.147,0.31
20700695,2008-02-02 22:00:00,Regular Season,,,,1610612752,New York,Knicks,1610612760,Seattle,SuperSonics,0,0,85,86,,240.0,17,9,0,4,32,72,0.444,5,17,0.294,16,26,0.615,3,31,34,10,19,17,12,2,-1,15,23,23,24,,,,12,7,7,10,7,13,34,6,9,0,14,33,92.0,97.7,97.9,96.6,-6.0,1.1,0.531,1.42,15.2,0.178,,,0.138,0.479,0.509,90.1,88.0,73.33,87,0.453,13.0,15.0,18.0,8.0,32.0,0.764,0.236,0.635,0.235,0.176,0.082,0.188,0.153,0.4,0.444,0.556,1.0,0.0,0.531,0.469,0.361,0.413,0.233,0.135,
20700695,2008-02-02 22:00:00,Regular Season,,,,1610612760,Seattle,SuperSonics,1610612752,New York,Knicks,1,1,86,85,,240.0,21,7,4,0,34,86,0.395,3,11,0.273,15,20,0.75,19,36,55,8,17,19,12,0,1,17,17,29,23,,,,23,6,7,10,8,15,32,18,9,0,12,35,97.9,96.6,92.0,97.7,6.0,-1.1,0.618,1.75,16.0,,0.822,,0.135,0.413,0.454,90.1,88.0,73.33,89,0.547,15.0,13.0,6.0,7.0,34.0,0.872,0.128,0.721,0.349,0.105,0.093,0.174,0.174,0.372,0.581,0.419,1.0,0.0,0.618,0.382,0.233,0.479,0.361,0.138,0.178
20700677,2008-01-31 22:00:00,Regular Season,,,,1610612739,Cleveland,Cavaliers,1610612760,Seattle,SuperSonics,0,0,95,101,,240.0,18,9,6,4,30,78,0.385,12,27,0.444,23,27,0.852,14,19,33,8,20,21,13,0,-6,24,18,26,27,,,,36,0,8,0,6,21,20,19,1,0,25,20,106.9,106.7,107.3,113.5,-0.4,-6.7,0.6,1.38,14.5,,0.583,,0.146,0.462,0.528,91.5,89.0,74.17,89,0.393,21.0,12.0,8.0,15.0,44.0,0.654,0.346,0.379,0.168,0.379,0.063,0.242,0.221,0.211,0.444,0.556,0.833,0.167,0.6,0.4,0.346,0.583,0.179,0.202,0.417
20700677,2008-01-31 22:00:00,Regular Season,,,,1610612760,Seattle,SuperSonics,1610612739,Cleveland,Cavaliers,1,1,101,95,,240.0,34,6,4,6,44,78,0.564,3,7,0.429,10,14,0.714,8,32,40,9,21,20,18,1,6,40,22,23,16,,,,21,23,8,0,15,12,44,8,1,0,11,35,107.3,113.5,106.9,106.7,0.4,6.7,0.773,1.89,24.6,0.417,,,0.202,0.583,0.6,91.5,89.0,74.17,89,0.607,12.0,21.0,19.0,6.0,20.0,0.91,0.09,0.812,0.376,0.089,0.149,0.099,0.119,0.436,0.756,0.244,1.0,0.0,0.773,0.227,0.179,0.462,0.346,0.146,
20700663,2008-01-29 22:00:00,Regular Season,,,,1610612760,Seattle,SuperSonics,1610612759,San Antonio,Spurs,1,1,88,85,,240.0,20,7,7,2,37,89,0.416,1,7,0.143,13,13,1.0,11,34,45,7,16,17,6,0,3,25,21,17,25,,,,34,3,7,11,15,12,40,14,7,0,10,35,98.1,101.1,98.3,97.7,-0.2,3.4,0.541,3.33,16.4,0.288,0.822,0.536,0.069,0.421,0.465,88.1,87.0,72.5,87,0.549,12.0,10.0,5.0,0.0,30.0,0.921,0.079,0.818,0.364,0.034,0.17,0.148,0.136,0.455,0.528,0.472,1.0,0.0,0.541,0.459,0.146,0.474,0.224,0.103,0.178
20700663,2008-01-29 22:00:00,Regular Season,,,,1610612759,San Antonio,Spurs,1610612760,Seattle,SuperSonics,0,0,85,88,,240.0,19,2,2,7,33,76,0.434,6,17,0.353,13,17,0.765,6,32,38,9,17,16,9,0,-3,26,22,18,19,,,,11,10,7,11,0,10,30,5,7,0,28,16,98.3,97.7,98.1,101.1,0.2,-3.4,0.576,2.11,16.8,0.178,0.712,0.464,0.103,0.474,0.509,88.1,87.0,72.5,87,0.451,10.0,12.0,14.0,15.0,40.0,0.776,0.224,0.635,0.282,0.212,0.0,0.153,0.118,0.353,0.519,0.481,0.833,0.167,0.576,0.424,0.224,0.421,0.146,0.069,0.288
20700651,2008-01-27 21:00:00,Regular Season,,,,1610612758,Sacramento,Kings,1610612760,Seattle,SuperSonics,0,1,103,101,,240.0,25,7,8,4,37,81,0.457,6,16,0.375,23,26,0.885,6,30,36,12,26,25,15,0,2,25,29,20,29,,,,31,13,7,4,8,0,34,11,4,0,19,24,101.5,105.1,105.0,103.1,-3.5,2.0,0.676,1.67,18.8,0.261,0.673,0.48,0.153,0.494,0.557,98.8,98.0,81.67,98,0.517,16.0,19.0,17.0,15.0,32.0,0.802,0.198,0.602,0.272,0.175,0.078,0.223,0.155,0.33,0.613,0.387,1.0,0.0,0.676,0.324,0.321,0.444,0.481,0.133,0.327
20700651,2008-01-27 21:00:00,Regular Season,,,,1610612760,Seattle,SuperSonics,1610612758,Sacramento,Kings,1,0,101,103,,240.0,25,8,4,8,34,81,0.42,4,13,0.308,29,39,0.744,15,30,45,11,25,26,13,0,-2,18,30,25,28,,,,40,3,7,4,15,0,32,17,4,0,9,35,105.0,103.1,101.5,105.1,3.5,-2.0,0.735,1.92,17.9,0.327,0.739,0.52,0.133,0.444,0.514,98.8,98.0,81.67,98,0.483,19.0,16.0,11.0,8.0,34.0,0.84,0.16,0.594,0.277,0.119,0.149,0.287,0.188,0.317,0.733,0.267,0.75,0.25,0.735,0.265,0.481,0.494,0.321,0.153,0.261
20700637,2008-01-25 22:30:00,Regular Season,,,,1610612760,Seattle,SuperSonics,1610612737,Atlanta,Hawks,1,0,90,99,,240.0,17,10,10,7,36,88,0.409,0,11,0.0,18,23,0.783,9,32,41,11,22,22,13,0,-9,14,17,28,31,,,,44,0,7,0,14,11,56,12,1,0,9,34,88.1,91.8,99.8,101.0,-11.7,-9.2,0.472,1.31,13.3,0.259,0.686,0.467,0.133,0.409,0.459,100.7,98.0,81.67,98,0.446,11.0,10.0,15.0,17.0,40.0,0.875,0.125,0.8,0.178,0.0,0.156,0.2,0.122,0.622,0.472,0.528,0.0,0.0,0.472,0.528,0.261,0.452,0.361,0.153,0.314
20700637,2008-01-25 22:30:00,Regular Season,,,,1610612737,Atlanta,Hawks,1610612760,Seattle,SuperSonics,0,1,99,90,,240.0,19,8,7,10,36,83,0.434,3,8,0.375,24,30,0.8,12,37,49,9,22,22,15,0,9,23,29,26,21,,,,19,24,10,0,17,10,40,15,1,0,19,21,99.8,101.0,88.1,91.8,11.7,9.2,0.528,1.27,14.4,0.314,0.741,0.533,0.153,0.452,0.515,100.7,98.0,81.67,98,0.554,10.0,11.0,12.0,14.0,56.0,0.904,0.096,0.667,0.263,0.091,0.172,0.242,0.101,0.404,0.485,0.515,1.0,0.0,0.528,0.472,0.361,0.409,0.261,0.133,0.259
20700620,2008-01-23 22:00:00,Regular Season,,,,1610612760,Seattle,SuperSonics,1610612745,Houston,Rockets,1,0,107,109,,240.0,23,2,4,3,42,81,0.519,1,8,0.125,22,27,0.815,8,28,36,18,23,24,10,1,-2,25,34,24,24,,,,49,13,14,6,6,10,30,9,4,0,9,33,112.8,116.3,113.0,119.8,-0.2,-3.5,0.548,2.3,18.3,0.341,0.698,0.543,0.109,0.525,0.576,95.7,91.5,76.25,92,0.517,10.0,9.0,17.0,1.0,36.0,0.901,0.099,0.766,0.486,0.028,0.056,0.206,0.093,0.28,0.537,0.463,1.0,0.0,0.548,0.452,0.333,0.528,0.295,0.088,0.302
20700620,2008-01-23 22:00:00,Regular Season,,,,1610612745,Houston,Rockets,1610612760,Seattle,SuperSonics,0,1,109,107,,240.0,28,4,3,4,41,88,0.466,11,23,0.478,16,26,0.615,11,24,35,12,24,23,8,1,2,24,26,28,31,,,,50,4,8,6,1,9,36,17,4,0,23,19,113.0,119.8,112.8,116.3,0.2,3.5,0.683,3.5,20.9,0.302,0.659,0.457,0.088,0.528,0.548,95.7,91.5,76.25,91,0.483,9.0,10.0,9.0,6.0,30.0,0.739,0.261,0.55,0.22,0.303,0.009,0.147,0.083,0.33,0.6,0.4,0.909,0.091,0.683,0.317,0.295,0.525,0.333,0.109,0.341
20700600,2008-01-21 14:30:00,Regular Season,,,,1610612760,Seattle,SuperSonics,1610612745,Houston,Rockets,0,0,89,96,,240.0,27,7,3,10,39,92,0.424,3,14,0.214,8,14,0.571,13,33,46,14,26,18,15,0,-7,24,28,16,21,,,,35,4,7,15,17,6,36,17,16,0,9,32,88.9,94.7,99.3,103.2,-10.5,-8.5,0.692,1.8,19.3,0.357,0.673,0.514,0.16,0.44,0.453,98.4,93.5,77.92,94,0.441,6.0,15.0,23.0,12.0,48.0,0.848,0.152,0.809,0.404,0.101,0.191,0.09,0.067,0.404,0.694,0.306,0.667,0.333,0.692,0.308,0.152,0.431,0.356,0.108,0.327
20700600,2008-01-21 14:30:00,Regular Season,,,,1610612745,Houston,Rockets,1610612760,Seattle,SuperSonics,1,1,96,89,,240.0,21,8,10,3,37,87,0.425,1,12,0.083,21,31,0.677,14,32,46,13,18,26,10,0,7,22,31,24,19,,,,31,13,7,15,12,15,48,23,16,0,22,19,99.3,103.2,88.9,94.7,10.5,8.5,0.568,2.1,15.9,0.327,0.643,0.486,0.108,0.431,0.477,98.4,93.5,77.92,93,0.559,15.0,6.0,17.0,17.0,36.0,0.862,0.138,0.75,0.25,0.031,0.125,0.219,0.156,0.5,0.556,0.444,1.0,0.0,0.568,0.432,0.356,0.44,0.152,0.16,0.357
20700591,2008-01-19 21:00:00,Regular Season,,,,1610612742,Dallas,Mavericks,1610612760,Seattle,SuperSonics,1,1,111,96,,240.0,28,9,8,0,46,89,0.517,8,19,0.421,11,18,0.611,13,34,47,7,21,17,15,1,15,33,33,23,22,,,,51,24,11,2,25,23,38,12,1,0,27,12,112.2,111.0,96.2,97.0,16.0,14.0,0.609,1.87,19.9,0.298,0.787,0.543,0.15,0.562,0.573,99.3,99.5,82.92,100,0.585,23.0,16.0,8.0,19.0,36.0,0.787,0.213,0.685,0.342,0.216,0.225,0.099,0.207,0.342,0.553,0.447,0.875,0.125,0.609,0.391,0.202,0.449,0.367,0.172,0.213
20700591,2008-01-19 21:00:00,Regular Season,,,,1610612760,Seattle,SuperSonics,1610612742,Dallas,Mavericks,0,0,96,111,,240.0,19,6,0,8,35,79,0.443,1,6,0.167,25,29,0.862,9,32,41,3,17,21,17,1,-15,24,20,28,24,,,,48,1,8,2,19,16,36,8,1,0,9,31,96.2,97.0,112.2,111.0,-16.0,-14.0,0.543,1.12,14.8,0.213,0.702,0.457,0.172,0.449,0.523,99.3,99.5,82.92,99,0.415,16.0,23.0,12.0,25.0,38.0,0.924,0.076,0.708,0.333,0.031,0.198,0.26,0.167,0.375,0.559,0.441,0.0,1.0,0.543,0.457,0.367,0.562,0.202,0.15,0.298
20700578,2008-01-18 20:00:00,Regular Season,,,,1610612763,Memphis,Grizzlies,1610612760,Seattle,SuperSonics,1,1,124,100,,240.0,32,6,11,7,52,100,0.52,13,26,0.5,7,13,0.538,15,38,53,8,16,13,14,1,24,32,36,34,22,,,,42,33,16,0,28,17,62,21,1,0,11,28,118.4,120.4,95.7,96.2,22.7,24.2,0.615,2.29,21.2,0.333,0.683,0.523,0.136,0.585,0.586,104.6,103.5,86.25,103,0.629,17.0,19.0,16.0,22.0,44.0,0.74,0.26,0.629,0.129,0.315,0.226,0.056,0.137,0.5,0.513,0.487,0.923,0.077,0.615,0.385,0.13,0.455,0.172,0.125,0.317
20700578,2008-01-18 20:00:00,Regular Season,,,,1610612760,Seattle,SuperSonics,1610612763,Memphis,Grizzlies,0,0,100,124,,240.0,19,3,7,11,43,99,0.434,4,19,0.211,10,17,0.588,15,32,47,9,13,16,13,2,-24,25,22,25,28,,,,54,0,6,0,22,19,44,16,1,0,9,30,95.7,96.2,118.4,120.4,-22.7,-24.2,0.442,1.46,13.5,0.317,0.667,0.477,0.125,0.455,0.47,104.6,103.5,86.25,104,0.371,19.0,17.0,21.0,28.0,62.0,0.808,0.192,0.78,0.34,0.12,0.22,0.1,0.19,0.44,0.385,0.615,1.0,0.0,0.442,0.558,0.172,0.585,0.13,0.136,0.333
20700569,2008-01-16 20:00:00,Regular Season,,,,1610612740,New Orleans,Hornets,1610612760,Seattle,SuperSonics,1,1,123,92,,240.0,32,7,6,4,48,93,0.516,12,22,0.545,15,21,0.714,13,40,53,5,13,18,13,1,31,30,35,30,28,,,,52,32,11,2,25,26,52,20,0,0,26,12,120.3,124.2,92.8,92.0,27.5,32.2,0.667,2.46,21.9,0.306,0.82,0.566,0.131,0.581,0.602,100.7,99.5,82.92,99,0.621,26.0,11.0,9.0,23.0,42.0,0.763,0.237,0.585,0.163,0.293,0.203,0.122,0.211,0.423,0.556,0.444,1.0,0.0,0.667,0.333,0.226,0.465,0.163,0.15,0.18
20700569,2008-01-16 20:00:00,Regular Season,,,,1610612760,Seattle,SuperSonics,1610612740,New Orleans,Hornets,0,0,92,123,,240.0,29,6,4,6,37,86,0.43,6,11,0.545,12,14,0.857,8,33,41,3,18,13,15,0,-31,18,28,29,17,,,,32,1,8,2,23,11,42,9,0,0,9,29,92.8,92.0,120.3,124.2,-27.5,-32.2,0.784,1.93,21.2,0.18,0.694,0.434,0.15,0.465,0.499,100.7,99.5,82.92,100,0.379,11.0,26.0,20.0,25.0,52.0,0.872,0.128,0.674,0.217,0.196,0.25,0.13,0.12,0.457,0.774,0.226,0.833,0.167,0.784,0.216,0.163,0.581,0.226,0.131,0.306
20700553,2008-01-14 22:00:00,Regular Season,,,,1610612747,Los Angeles,Lakers,1610612760,Seattle,SuperSonics,0,1,123,121,,265.0,24,6,4,9,47,102,0.461,7,21,0.333,22,28,0.786,9,36,45,14,19,21,9,1,2,28,36,23,28,8,,8,43,11,15,22,19,19,46,14,11,0,26,11,107.6,109.8,107.0,110.0,0.6,-0.2,0.511,2.67,16.1,0.263,0.69,0.478,0.08,0.495,0.538,103.0,100.53,83.77,112,0.489,19.0,12.0,17.0,21.0,56.0,0.794,0.206,0.65,0.276,0.171,0.154,0.179,0.154,0.374,0.425,0.575,1.0,0.0,0.511,0.489,0.275,0.505,0.221,0.118,0.31
20700553,2008-01-14 22:00:00,Regular Season,,,,1610612760,Seattle,SuperSonics,1610612747,Los Angeles,Lakers,1,0,121,123,,265.0,28,5,9,4,50,104,0.481,5,14,0.357,16,23,0.696,14,41,55,8,21,19,13,1,-2,29,33,29,24,6,,6,42,8,9,22,21,12,56,17,11,0,9,28,107.0,110.0,107.6,109.8,-0.6,0.2,0.56,2.15,17.9,0.31,0.737,0.522,0.118,0.505,0.53,103.0,100.53,83.77,110,0.511,12.0,19.0,14.0,19.0,46.0,0.865,0.135,0.744,0.281,0.124,0.174,0.132,0.099,0.463,0.533,0.467,0.8,0.2,0.56,0.44,0.221,0.495,0.275,0.08,0.263
20700533,2008-01-11 22:30:00,Regular Season,,,,1610612742,Dallas,Mavericks,1610612760,Seattle,SuperSonics,0,1,90,70,,240.0,13,6,6,6,34,83,0.41,3,13,0.231,19,21,0.905,15,37,52,4,14,20,11,0,20,18,26,22,24,,,,35,26,8,3,7,15,44,20,5,0,25,11,102.0,101.1,77.7,78.7,24.3,22.5,0.382,1.18,11.1,0.32,0.75,0.539,0.124,0.428,0.488,89.1,89.0,74.17,89,0.639,15.0,10.0,10.0,9.0,28.0,0.843,0.157,0.689,0.2,0.1,0.078,0.211,0.167,0.489,0.355,0.645,0.667,0.333,0.382,0.618,0.253,0.373,0.203,0.146,0.25
20700533,2008-01-11 22:30:00,Regular Season,,,,1610612760,Seattle,SuperSonics,1610612742,Dallas,Mavericks,1,0,70,90,,240.0,20,5,6,6,28,79,0.354,3,11,0.273,11,16,0.688,9,32,41,10,20,14,13,0,-20,16,19,13,22,,,,27,4,7,3,9,10,28,10,5,0,9,27,77.7,78.7,102.0,101.1,-24.3,-22.5,0.714,1.54,16.7,0.25,0.68,0.461,0.146,0.373,0.407,89.1,89.0,74.17,89,0.361,10.0,15.0,20.0,7.0,44.0,0.861,0.139,0.714,0.314,0.129,0.129,0.157,0.143,0.4,0.68,0.32,1.0,0.0,0.714,0.286,0.203,0.428,0.253,0.124,0.32
20700512,2008-01-09 19:30:00,Regular Season,,,,1610612751,New Jersey,Nets,1610612760,Seattle,SuperSonics,1,1,99,88,,240.0,27,13,4,8,38,80,0.475,8,16,0.5,15,22,0.682,10,32,42,8,18,17,17,2,11,30,29,21,19,,,,24,20,9,3,17,24,40,5,5,0,18,17,102.4,105.3,92.4,92.6,10.0,12.7,0.711,1.59,20.1,0.283,0.654,0.48,0.181,0.525,0.552,96.0,94.5,78.75,94,0.582,24.0,16.0,16.0,7.0,44.0,0.8,0.2,0.606,0.202,0.242,0.172,0.152,0.242,0.404,0.667,0.333,0.875,0.125,0.711,0.289,0.275,0.423,0.25,0.179,0.346
20700512,2008-01-09 19:30:00,Regular Season,,,,1610612760,Seattle,SuperSonics,1610612751,New Jersey,Nets,0,0,88,99,,240.0,17,9,8,4,34,84,0.405,3,14,0.214,17,21,0.81,15,30,45,8,17,18,17,0,-11,21,25,19,23,,,,42,4,7,3,7,16,44,16,5,0,9,26,92.4,92.6,102.4,105.3,-10.0,-12.7,0.5,1.0,13.2,0.346,0.717,0.52,0.179,0.423,0.472,96.0,94.5,78.75,95,0.418,16.0,24.0,5.0,17.0,40.0,0.833,0.167,0.705,0.205,0.102,0.08,0.193,0.182,0.5,0.484,0.516,0.667,0.333,0.5,0.5,0.25,0.525,0.275,0.181,0.283
20700503,2008-01-08 19:00:00,Regular Season,,,,1610612760,Seattle,SuperSonics,1610612739,Cleveland,Cavaliers,0,0,79,95,,240.0,22,5,5,6,32,79,0.405,3,10,0.3,12,16,0.75,8,37,45,7,16,19,23,0,-16,15,18,23,23,,,,36,4,7,1,13,10,34,6,2,0,9,25,78.2,81.4,97.4,96.0,-19.2,-14.5,0.688,0.96,16.8,0.24,0.736,0.495,0.237,0.424,0.459,99.3,98.0,81.67,97,0.403,10.0,28.0,12.0,19.0,42.0,0.873,0.127,0.734,0.304,0.114,0.165,0.152,0.127,0.43,0.655,0.345,1.0,0.0,0.688,0.313,0.203,0.441,0.282,0.121,0.264
20700503,2008-01-08 19:00:00,Regular Season,,,,1610612739,Cleveland,Cavaliers,1610612760,Seattle,SuperSonics,1,1,95,79,,240.0,20,15,6,5,34,85,0.4,7,21,0.333,20,24,0.833,10,36,46,8,19,16,12,0,16,24,21,29,21,,,,45,22,12,1,19,28,42,12,2,0,18,17,97.4,96.0,78.2,81.4,19.2,14.5,0.588,1.67,15.2,0.264,0.76,0.505,0.121,0.441,0.497,99.3,98.0,81.67,99,0.597,28.0,10.0,6.0,13.0,34.0,0.753,0.247,0.568,0.126,0.221,0.2,0.211,0.295,0.442,0.519,0.481,0.857,0.143,0.588,0.412,0.282,0.424,0.203,0.237,0.24
20700491,2008-01-06 13:00:00,Regular Season,,,,1610612760,Seattle,SuperSonics,1610612764,Washington,Wizards,0,0,86,108,,240.0,20,4,1,4,32,84,0.381,6,16,0.375,16,22,0.727,16,35,51,8,18,19,22,3,-22,17,29,23,17,,,,32,1,7,4,9,6,36,17,1,0,9,24,86.3,87.8,109.6,109.1,-23.3,-21.3,0.625,0.91,14.6,0.352,0.735,0.534,0.224,0.417,0.459,99.1,98.5,82.08,98,0.337,6.0,27.0,12.0,22.0,50.0,0.81,0.19,0.605,0.186,0.209,0.105,0.186,0.07,0.419,0.538,0.462,1.0,0.0,0.625,0.375,0.262,0.511,0.276,0.111,0.265
20700491,2008-01-06 13:00:00,Regular Season,,,,1610612764,Washington,Wizards,1610612760,Seattle,SuperSonics,1,1,108,86,,240.0,26,15,4,1,42,87,0.483,5,14,0.357,19,24,0.792,10,33,43,6,19,18,11,0,22,31,21,26,30,,,,18,28,12,4,22,27,50,12,1,0,17,15,109.6,109.1,86.3,87.8,23.3,21.3,0.619,2.36,19.0,0.265,0.648,0.466,0.111,0.511,0.554,99.1,98.5,82.08,99,0.663,27.0,6.0,17.0,9.0,36.0,0.839,0.161,0.685,0.222,0.139,0.204,0.176,0.25,0.463,0.595,0.405,0.8,0.2,0.619,0.381,0.276,0.417,0.262,0.224,0.352
20700471,2008-01-03 22:30:00,Regular Season,,,,1610612760,Seattle,SuperSonics,1610612756,Phoenix,Suns,0,0,96,104,,240.0,16,5,2,9,40,103,0.388,2,10,0.2,14,18,0.778,18,35,53,11,26,18,12,3,-8,33,12,18,33,,,,16,20,10,4,14,10,38,24,3,0,9,23,91.5,98.0,106.8,104.0,-15.3,-6.0,0.4,1.33,11.6,0.369,0.76,0.539,0.122,0.398,0.433,101.2,99.0,82.5,98,0.367,10.0,14.0,9.0,13.0,40.0,0.903,0.097,0.792,0.396,0.063,0.146,0.146,0.104,0.396,0.395,0.605,0.5,0.5,0.4,0.6,0.175,0.494,0.432,0.11,0.24
20700471,2008-01-03 22:30:00,Regular Season,,,,1610612756,Phoenix,Suns,1610612760,Seattle,SuperSonics,1,1,104,96,,240.0,25,6,9,2,36,81,0.444,8,20,0.4,24,35,0.686,10,39,49,10,18,26,11,0,8,13,30,29,32,,,,22,15,12,4,13,14,40,9,3,0,23,9,106.8,104.0,91.5,98.0,15.3,6.0,0.694,2.27,18.4,0.24,0.631,0.461,0.11,0.494,0.539,101.2,99.0,82.5,100,0.633,14.0,10.0,24.0,14.0,38.0,0.753,0.247,0.538,0.154,0.231,0.125,0.231,0.135,0.385,0.643,0.357,0.875,0.125,0.694,0.306,0.432,0.398,0.175,0.122,0.369
20700456,2007-12-31 22:00:00,Regular Season,,,,1610612760,Seattle,SuperSonics,1610612755,Philadelphia,76ers,1,0,90,98,,240.0,24,4,4,7,37,87,0.425,7,17,0.412,9,11,0.818,16,30,46,5,24,15,14,1,-8,23,11,28,28,,,,25,7,7,4,10,11,26,19,7,0,9,22,100.2,100.0,106.7,108.9,-6.5,-8.9,0.649,1.71,18.2,0.353,0.78,0.543,0.156,0.466,0.49,90.8,90.0,75.0,90,0.432,11.0,17.0,7.0,9.0,32.0,0.805,0.195,0.667,0.378,0.233,0.111,0.1,0.122,0.289,0.567,0.433,1.0,0.0,0.649,0.351,0.126,0.529,0.522,0.144,0.22
20700456,2007-12-31 22:00:00,Regular Season,,,,1610612755,Philadelphia,76ers,1610612760,Seattle,SuperSonics,0,1,98,90,,240.0,19,11,7,4,34,69,0.493,5,10,0.5,25,36,0.694,6,29,35,12,15,24,13,0,8,21,25,27,25,,,,29,13,8,4,9,17,32,7,7,0,14,17,106.7,108.9,100.2,100.0,6.5,8.9,0.559,1.46,16.2,0.22,0.647,0.457,0.144,0.529,0.578,90.8,90.0,75.0,90,0.568,17.0,11.0,19.0,10.0,26.0,0.855,0.145,0.592,0.265,0.153,0.092,0.255,0.173,0.327,0.517,0.483,0.8,0.2,0.559,0.441,0.522,0.466,0.126,0.156,0.353
20700442,2007-12-29 22:00:00,Regular Season,,,,1610612750,Minnesota,Timberwolves,1610612760,Seattle,SuperSonics,0,0,90,109,,240.0,18,9,3,8,37,94,0.394,5,15,0.333,11,20,0.55,16,29,45,11,20,15,9,0,-19,30,16,13,31,,,,41,9,7,5,8,15,42,14,6,0,4,25,93.9,96.8,115.1,117.2,-21.2,-20.4,0.486,2.0,13.7,,0.738,,0.097,0.42,0.438,95.2,93.0,77.5,93,0.338,15.0,14.0,3.0,13.0,42.0,0.84,0.16,0.711,0.244,0.167,0.089,0.122,0.167,0.467,0.406,0.594,1.0,0.0,0.486,0.514,0.213,0.585,0.268,0.129,0.262
20700442,2007-12-29 22:00:00,Regular Season,,,,1610612760,Seattle,SuperSonics,1610612750,Minnesota,Timberwolves,1,1,109,90,,240.0,28,6,8,3,44,82,0.537,8,19,0.421,13,22,0.591,9,41,50,7,15,20,12,0,19,21,36,27,25,,,,59,28,12,5,13,14,42,3,6,0,9,21,115.1,117.2,93.9,96.8,21.2,20.4,0.636,2.33,21.2,0.262,,,0.129,0.585,0.594,95.2,93.0,77.5,93,0.662,14.0,15.0,14.0,8.0,42.0,0.768,0.232,0.661,0.275,0.22,0.119,0.119,0.128,0.385,0.611,0.389,0.75,0.25,0.636,0.364,0.268,0.42,0.213,0.097,
20700421,2007-12-27 22:30:00,Regular Season,,,,1610612738,Boston,Celtics,1610612760,Seattle,SuperSonics,0,1,104,96,,240.0,21,4,3,10,34,86,0.395,9,19,0.474,27,36,0.75,14,28,42,10,15,23,5,1,8,24,23,23,34,,,,25,14,6,4,11,8,18,18,4,0,24,3,112.0,113.0,104.2,105.5,7.8,7.5,0.618,4.2,16.2,0.305,0.711,0.481,0.054,0.448,0.511,92.5,91.5,76.25,92,0.503,8.0,6.0,14.0,23.0,40.0,0.779,0.221,0.481,0.308,0.26,0.106,0.26,0.077,0.173,0.52,0.48,0.889,0.111,0.618,0.382,0.419,0.481,0.284,0.132,0.289
20700421,2007-12-27 22:30:00,Regular Season,,,,1610612760,Seattle,SuperSonics,1610612738,Boston,Celtics,1,0,96,104,,240.0,19,3,10,3,37,81,0.457,4,13,0.308,18,23,0.783,11,39,50,8,23,15,12,1,-8,19,27,21,29,,,,43,1,7,4,23,6,40,14,4,0,8,21,104.2,105.5,112.0,113.0,-7.8,-7.5,0.514,1.58,15.6,0.289,0.695,0.519,0.132,0.481,0.527,92.5,91.5,76.25,91,0.497,6.0,8.0,18.0,11.0,18.0,0.84,0.16,0.688,0.271,0.125,0.24,0.188,0.063,0.417,0.485,0.515,0.75,0.25,0.514,0.486,0.284,0.448,0.419,0.054,0.305
20700407,2007-12-25 20:00:00,Regular Season,,,,1610612760,Seattle,SuperSonics,1610612757,Portland,Trail Blazers,0,0,79,89,,240.0,22,3,3,0,31,76,0.408,5,13,0.385,12,18,0.667,12,38,50,5,15,19,13,0,-10,24,20,18,17,,,,35,6,6,4,13,6,26,3,6,0,8,20,93.0,91.9,103.3,103.5,-10.3,-11.6,0.71,1.69,18.5,0.271,0.65,0.481,0.151,0.441,0.471,85.5,86.0,71.67,86,0.473,6.0,15.0,20.0,5.0,26.0,0.829,0.171,0.658,0.329,0.19,0.165,0.152,0.076,0.329,0.654,0.346,1.0,0.0,0.71,0.29,0.237,0.425,0.151,0.07,0.35
20700407,2007-12-25 20:00:00,Regular Season,,,,1610612757,Portland,Trail Blazers,1610612760,Seattle,SuperSonics,1,1,89,79,,240.0,27,5,0,3,36,93,0.387,7,19,0.368,10,14,0.714,19,34,53,4,19,15,6,0,10,24,22,24,19,,,,48,16,12,4,5,15,26,20,6,0,16,12,103.3,103.5,93.0,91.9,10.3,11.6,0.75,4.5,20.1,0.35,0.729,0.519,0.07,0.425,0.449,85.5,86.0,71.67,86,0.527,15.0,6.0,3.0,13.0,26.0,0.796,0.204,0.652,0.36,0.236,0.056,0.112,0.169,0.292,0.69,0.31,1.0,0.0,0.75,0.25,0.151,0.441,0.237,0.151,0.271
20700390,2007-12-21 22:30:00,Regular Season,,,,1610612761,Toronto,Raptors,1610612760,Seattle,SuperSonics,0,0,115,123,,240.0,32,6,5,10,46,93,0.495,13,26,0.5,10,12,0.833,10,29,39,7,22,15,14,1,-8,33,29,21,32,,,,52,10,13,8,9,8,30,12,10,0,15,13,112.4,115.0,121.5,123.0,-9.1,-8.0,0.696,2.29,21.9,0.313,0.789,0.523,0.14,0.565,0.585,101.8,100.0,83.33,100,0.443,8.0,17.0,6.0,24.0,50.0,0.72,0.28,0.574,0.313,0.339,0.078,0.087,0.07,0.261,0.576,0.424,1.0,0.0,0.696,0.304,0.129,0.619,0.25,0.13,0.211
20700390,2007-12-21 22:30:00,Regular Season,,,,1610612760,Seattle,SuperSonics,1610612761,Toronto,Raptors,1,1,123,115,,240.0,33,5,10,5,47,84,0.56,10,17,0.588,19,21,0.905,5,30,35,7,15,22,13,0,8,33,23,36,31,,,,57,18,7,8,24,17,50,6,10,0,8,19,121.5,123.0,112.4,115.0,9.1,8.0,0.702,2.54,23.6,0.211,0.688,0.477,0.13,0.619,0.66,101.8,100.0,83.33,100,0.557,17.0,8.0,12.0,9.0,30.0,0.798,0.202,0.602,0.195,0.244,0.195,0.154,0.138,0.407,0.622,0.378,1.0,0.0,0.702,0.298,0.25,0.565,0.129,0.14,0.313
20700377,2007-12-19 22:00:00,Regular Season,,,,1610612740,New Orleans,Hornets,1610612760,Seattle,SuperSonics,0,1,107,93,,240.0,27,11,8,4,46,94,0.489,12,23,0.522,3,5,0.6,14,28,42,5,19,11,11,0,14,24,28,29,26,,,,11,26,13,1,6,19,46,20,1,0,16,10,114.8,118.9,98.6,102.2,16.2,16.7,0.587,2.45,20.1,0.34,0.577,0.461,0.122,0.553,0.556,93.8,90.5,75.42,90,0.565,19.0,16.0,21.0,17.0,46.0,0.755,0.245,0.636,0.206,0.336,0.056,0.028,0.178,0.43,0.471,0.529,0.917,0.083,0.587,0.413,0.053,0.453,0.224,0.187,0.423
20700377,2007-12-19 22:00:00,Regular Season,,,,1610612760,Seattle,SuperSonics,1610612740,New Orleans,Hornets,1,0,93,107,,240.0,18,9,4,8,36,85,0.424,5,14,0.357,16,19,0.842,16,30,46,9,11,19,17,3,-14,17,16,30,30,,,,45,4,8,1,17,16,46,21,1,0,7,19,98.6,102.2,114.8,118.9,-16.2,-16.7,0.5,1.06,13.7,0.423,0.66,0.539,0.187,0.453,0.498,93.8,90.5,75.42,91,0.435,16.0,19.0,20.0,6.0,46.0,0.835,0.165,0.667,0.172,0.161,0.183,0.172,0.172,0.495,0.452,0.548,0.8,0.2,0.5,0.5,0.224,0.553,0.053,0.122,0.34
20700349,2007-12-15 21:00:00,Regular Season,,,,1610612762,Utah,Jazz,1610612760,Seattle,SuperSonics,1,1,96,75,,240.0,24,15,6,5,37,75,0.493,2,7,0.286,20,25,0.8,5,35,40,15,24,20,18,1,21,20,31,25,20,,,,19,21,9,6,17,19,46,4,3,0,14,11,97.0,101.1,77.2,78.1,19.7,22.9,0.649,1.33,18.8,0.231,0.732,0.526,0.189,0.507,0.558,98.1,95.5,79.58,95,0.704,19.0,15.0,12.0,11.0,34.0,0.907,0.093,0.729,0.25,0.063,0.177,0.208,0.198,0.479,0.657,0.343,0.5,0.5,0.649,0.351,0.333,0.354,0.291,0.198,0.268
20700349,2007-12-15 21:00:00,Regular Season,,,,1610612760,Seattle,SuperSonics,1610612762,Utah,Jazz,0,0,75,96,,240.0,17,8,5,6,26,79,0.329,4,11,0.364,19,23,0.826,11,26,37,8,20,24,19,0,-21,27,13,26,9,,,,44,10,11,6,11,15,34,12,3,0,7,18,77.2,78.1,97.0,101.1,-19.7,-22.9,0.654,0.89,13.3,0.268,0.769,0.474,0.198,0.354,0.421,98.1,95.5,79.58,96,0.296,15.0,19.0,4.0,17.0,46.0,0.861,0.139,0.587,0.133,0.16,0.147,0.253,0.2,0.453,0.591,0.409,1.0,0.0,0.654,0.346,0.291,0.507,0.333,0.189,0.231
20700334,2007-12-14 20:00:00,Regular Season,,,,1610612760,Seattle,SuperSonics,1610612750,Minnesota,Timberwolves,0,1,99,88,,240.0,20,13,4,9,40,92,0.435,1,14,0.071,18,21,0.857,17,33,50,9,16,21,20,1,11,11,32,32,24,,,,33,15,10,4,21,26,50,29,7,0,7,17,95.0,100.0,85.1,88.0,9.9,12.0,0.5,1.0,14.1,0.426,0.636,0.532,0.202,0.44,0.489,103.8,99.5,82.92,99,0.615,26.0,19.0,17.0,6.0,44.0,0.848,0.152,0.788,0.283,0.03,0.212,0.182,0.263,0.505,0.487,0.513,1.0,0.0,0.5,0.5,0.228,0.417,0.31,0.21,0.364
20700334,2007-12-14 20:00:00,Regular Season,,,,1610612750,Minnesota,Timberwolves,1610612760,Seattle,SuperSonics,1,0,88,99,,240.0,19,7,9,4,33,84,0.393,4,20,0.2,18,26,0.692,13,29,42,13,21,16,21,0,-11,26,20,19,23,,,,37,15,10,4,6,19,44,17,7,0,3,18,85.1,88.0,95.0,100.0,-9.9,-12.0,0.576,0.9,13.9,0.364,0.574,0.468,0.21,0.417,0.461,103.8,99.5,82.92,100,0.385,19.0,26.0,29.0,21.0,50.0,0.762,0.238,0.659,0.159,0.136,0.068,0.205,0.216,0.5,0.517,0.483,1.0,0.0,0.576,0.424,0.31,0.44,0.228,0.202,0.426
20700319,2007-12-12 19:30:00,Regular Season,,,,1610612760,Seattle,SuperSonics,1610612752,New York,Knicks,0,1,117,110,,240.0,20,9,3,1,47,81,0.58,5,12,0.417,18,25,0.72,8,28,36,4,21,22,12,1,7,27,26,30,34,,,,53,7,7,13,10,27,48,10,11,0,6,17,121.9,121.9,111.3,113.4,10.5,8.5,0.426,1.67,16.1,,0.558,,0.125,0.611,0.636,97.4,96.5,80.42,96,0.572,27.0,10.0,26.0,4.0,66.0,0.852,0.148,0.718,0.308,0.128,0.085,0.154,0.231,0.41,0.381,0.619,0.8,0.2,0.426,0.574,0.309,0.505,0.211,0.144,0.442
20700319,2007-12-12 19:30:00,Regular Season,,,,1610612752,New York,Knicks,1610612760,Seattle,SuperSonics,1,0,110,117,,240.0,17,6,1,3,45,95,0.474,6,21,0.286,14,20,0.7,19,28,47,10,22,21,14,0,-7,31,25,23,31,,,,34,9,6,13,4,10,66,26,11,0,6,15,111.3,113.4,121.9,121.9,-10.5,-8.5,0.378,1.21,12.7,0.442,,,0.144,0.505,0.53,97.4,96.5,80.42,97,0.428,10.0,27.0,10.0,10.0,48.0,0.779,0.221,0.709,0.109,0.164,0.036,0.127,0.091,0.6,0.333,0.667,0.667,0.333,0.378,0.622,0.211,0.611,0.309,0.125,
20700311,2007-12-11 20:30:00,Regular Season,,,,1610612760,Seattle,SuperSonics,1610612741,Chicago,Bulls,0,0,96,123,,240.0,27,4,6,3,38,77,0.494,3,11,0.273,17,24,0.708,7,27,34,6,16,17,18,1,-27,27,22,24,23,,,,48,1,6,2,10,8,32,6,4,0,5,17,97.4,96.0,120.5,123.0,-23.1,-27.0,0.711,1.5,20.1,0.19,0.636,0.419,0.18,0.513,0.548,100.3,100.0,83.33,100,0.377,8.0,24.0,11.0,21.0,54.0,0.857,0.143,0.729,0.396,0.094,0.104,0.177,0.083,0.333,0.686,0.314,1.0,0.0,0.711,0.289,0.312,0.579,0.168,0.11,0.364
20700311,2007-12-11 20:30:00,Regular Season,,,,1610612741,Chicago,Bulls,1610612760,Seattle,SuperSonics,1,1,123,96,,240.0,35,10,3,6,51,95,0.537,8,16,0.5,13,16,0.813,11,33,44,9,17,16,11,0,27,31,36,30,26,,,,38,32,11,2,21,24,54,11,4,0,7,12,120.5,123.0,97.4,96.0,23.1,27.0,0.686,3.18,23.3,0.364,0.81,0.581,0.11,0.579,0.603,100.3,100.0,83.33,100,0.623,24.0,8.0,6.0,10.0,32.0,0.832,0.168,0.699,0.26,0.195,0.171,0.106,0.195,0.439,0.651,0.349,0.875,0.125,0.686,0.314,0.168,0.513,0.312,0.18,0.19
20700299,2007-12-09 19:00:00,Regular Season,,,,1610612740,New Orleans,Hornets,1610612760,Seattle,SuperSonics,1,1,91,88,,240.0,19,6,8,6,37,81,0.457,2,11,0.182,15,27,0.556,9,34,43,10,18,17,12,0,3,23,29,15,24,,,,24,14,9,2,16,0,42,11,8,0,14,7,94.9,95.8,91.9,92.6,3.1,3.2,0.514,1.58,15.3,0.24,0.614,0.439,0.126,0.469,0.49,95.8,95.0,79.17,95,0.507,20.0,13.0,16.0,7.0,28.0,0.864,0.136,0.769,0.308,0.066,0.176,0.165,0.22,0.462,0.514,0.486,0.5,0.5,0.514,0.486,0.333,0.4,0.222,0.168,0.386
20700299,2007-12-09 19:00:00,Regular Season,,,,1610612760,Seattle,SuperSonics,1610612740,New Orleans,Hornets,0,0,88,91,,240.0,21,5,6,8,34,90,0.378,4,11,0.364,16,20,0.8,19,37,56,7,17,18,16,1,-3,17,24,24,23,,,,26,1,11,2,7,3,28,16,8,0,5,16,91.9,92.6,94.9,95.8,-3.1,-3.2,0.618,1.31,15.3,0.386,0.76,0.561,0.168,0.4,0.445,95.8,95.0,79.17,95,0.493,13.0,20.0,11.0,16.0,42.0,0.878,0.122,0.682,0.364,0.136,0.08,0.182,0.148,0.318,0.6,0.4,0.75,0.25,0.618,0.382,0.222,0.469,0.333,0.126,0.24
20700286,2007-12-07 22:30:00,Regular Season,,,,1610612760,Seattle,SuperSonics,1610612749,Milwaukee,Bucks,1,1,104,98,,240.0,17,2,7,4,33,75,0.44,4,15,0.267,34,41,0.829,11,38,49,11,25,28,16,1,6,31,22,20,31,,,,30,10,6,3,18,11,42,16,8,0,5,15,106.1,109.5,101.7,103.2,4.3,6.3,0.515,1.06,13.3,0.364,0.65,0.529,0.168,0.467,0.559,97.2,95.0,79.17,95,0.578,11.0,10.0,15.0,2.0,38.0,0.8,0.2,0.558,0.154,0.115,0.173,0.327,0.106,0.404,0.448,0.552,1.0,0.0,0.515,0.485,0.547,0.418,0.308,0.105,0.35
20700286,2007-12-07 22:30:00,Regular Season,,,,1610612749,Milwaukee,Bucks,1610612760,Seattle,SuperSonics,0,0,98,104,,240.0,20,6,4,7,34,91,0.374,8,17,0.471,22,28,0.786,17,25,42,10,28,25,10,1,-6,24,25,19,30,,,,12,5,6,3,2,10,38,15,8,0,8,10,101.7,103.2,106.1,109.5,-4.3,-6.3,0.588,2.0,14.9,0.35,0.636,0.471,0.105,0.418,0.474,97.2,95.0,79.17,95,0.422,10.0,11.0,16.0,18.0,42.0,0.813,0.187,0.531,0.143,0.245,0.02,0.224,0.102,0.388,0.462,0.538,1.0,0.0,0.588,0.412,0.308,0.467,0.547,0.168,0.364
20700272,2007-12-05 22:30:00,Regular Season,,,,1610612760,Seattle,SuperSonics,1610612746,Los Angeles,Clippers,1,1,95,88,,240.0,23,8,5,9,35,76,0.461,6,11,0.545,19,24,0.792,6,43,49,6,29,20,21,1,7,18,25,30,22,,,,41,17,8,8,8,8,32,11,3,0,4,15,93.5,95.0,88.0,88.0,5.5,7.0,0.657,1.1,17.3,0.222,0.815,0.545,0.21,0.5,0.549,100.8,100.0,83.33,100,0.54,8.0,19.0,8.0,9.0,26.0,0.855,0.145,0.611,0.274,0.189,0.084,0.2,0.084,0.337,0.586,0.414,1.0,0.0,0.657,0.343,0.316,0.372,0.436,0.14,0.185
20700272,2007-12-05 22:30:00,Regular Season,,,,1610612746,Los Angeles,Clippers,1610612760,Seattle,SuperSonics,0,0,88,95,,240.0,21,7,9,5,27,78,0.346,4,13,0.308,30,34,0.882,7,32,39,7,20,29,14,0,-7,17,18,26,27,,,,21,3,6,8,9,19,26,8,3,0,6,11,88.0,88.0,93.5,95.0,-5.5,-7.0,0.778,1.5,16.3,0.185,0.778,0.455,0.14,0.372,0.473,100.8,100.0,83.33,100,0.46,19.0,8.0,11.0,8.0,32.0,0.833,0.167,0.523,0.227,0.136,0.102,0.341,0.216,0.295,0.783,0.217,0.75,0.25,0.778,0.222,0.436,0.5,0.316,0.21,0.222
20700248,2007-12-02 21:00:00,Regular Season,,,,1610612760,Seattle,SuperSonics,1610612744,Golden State,Warriors,1,0,96,109,,240.0,14,2,8,7,36,87,0.414,2,10,0.2,22,29,0.759,12,40,52,8,13,19,18,2,-13,18,23,25,30,,,,56,0,9,0,17,7,50,16,2,0,3,15,90.8,90.6,100.4,101.9,-9.6,-11.3,0.389,0.78,10.6,0.232,0.726,0.492,0.17,0.425,0.481,107.2,106.5,88.75,106,0.418,7.0,9.0,20.0,27.0,48.0,0.885,0.115,0.708,0.188,0.063,0.177,0.229,0.073,0.521,0.353,0.647,1.0,0.0,0.389,0.611,0.333,0.481,0.146,0.103,0.274
20700248,2007-12-02 21:00:00,Regular Season,,,,1610612744,Golden State,Warriors,1610612760,Seattle,SuperSonics,0,1,109,96,,240.0,24,12,7,8,44,103,0.427,11,26,0.423,10,15,0.667,12,41,53,9,19,13,11,0,13,35,25,28,21,,,,19,28,12,0,27,9,48,20,2,0,9,7,100.4,101.9,90.8,90.6,9.6,11.3,0.545,2.18,16.4,0.274,0.768,0.508,0.103,0.481,0.497,107.2,106.5,88.75,107,0.582,9.0,7.0,16.0,17.0,50.0,0.748,0.252,0.606,0.165,0.303,0.248,0.092,0.083,0.44,0.394,0.606,1.0,0.0,0.545,0.455,0.146,0.425,0.333,0.17,0.232
20700234,2007-11-30 22:30:00,Regular Season,,,,1610612754,Indiana,Pacers,1610612760,Seattle,SuperSonics,0,0,93,95,,240.0,21,10,8,10,33,92,0.359,6,25,0.24,21,28,0.75,12,36,48,10,21,22,14,0,-2,24,24,17,28,,,,32,6,9,18,17,20,30,9,12,0,8,9,87.5,88.6,89.3,91.3,-1.8,-2.8,0.636,1.5,15.0,0.238,0.769,0.478,0.133,0.391,0.446,106.4,104.5,87.08,105,0.442,20.0,18.0,12.0,13.0,26.0,0.728,0.272,0.581,0.258,0.194,0.183,0.226,0.215,0.323,0.593,0.407,0.833,0.167,0.636,0.364,0.304,0.463,0.317,0.202,0.231
20700234,2007-11-30 22:30:00,Regular Season,,,,1610612760,Seattle,SuperSonics,1610612754,Indiana,Pacers,1,1,95,93,,240.0,23,10,10,8,35,82,0.427,6,13,0.462,19,26,0.731,8,47,55,7,22,21,21,1,2,22,27,21,25,,,,29,8,9,18,13,18,26,12,12,0,3,14,89.3,91.3,87.5,88.6,1.8,2.8,0.657,1.1,16.7,0.231,0.762,0.522,0.202,0.463,0.508,106.4,104.5,87.08,104,0.558,18.0,20.0,9.0,17.0,30.0,0.841,0.159,0.611,0.337,0.189,0.137,0.2,0.189,0.274,0.621,0.379,0.833,0.167,0.657,0.343,0.317,0.391,0.304,0.133,0.238
20700220,2007-11-28 22:00:00,Regular Season,,,,1610612753,Orlando,Magic,1610612760,Seattle,SuperSonics,0,1,110,94,,240.0,26,6,7,6,36,83,0.434,10,30,0.333,28,37,0.757,13,42,55,12,21,25,15,0,16,30,27,26,27,,,,27,18,11,4,22,11,42,14,3,0,14,3,108.6,108.9,93.6,93.1,15.0,15.8,0.722,1.73,18.3,0.3,0.708,0.53,0.149,0.494,0.554,100.9,101.0,84.17,101,0.642,11.0,15.0,15.0,17.0,38.0,0.639,0.361,0.473,0.091,0.273,0.2,0.255,0.1,0.382,0.654,0.346,0.9,0.1,0.722,0.278,0.446,0.38,0.271,0.109,0.292
20700220,2007-11-28 22:00:00,Regular Season,,,,1610612760,Seattle,SuperSonics,1610612753,Orlando,Magic,1,0,94,110,,240.0,18,6,6,7,34,96,0.354,5,18,0.278,21,26,0.808,18,30,48,8,25,21,11,0,-16,24,21,23,26,,,,36,4,8,4,17,15,38,15,3,0,2,14,93.6,93.1,108.6,108.9,-15.0,-15.8,0.529,1.64,13.1,0.292,0.7,0.47,0.109,0.38,0.437,100.9,101.0,84.17,101,0.358,15.0,11.0,14.0,22.0,42.0,0.813,0.188,0.617,0.213,0.16,0.181,0.223,0.16,0.404,0.448,0.552,1.0,0.0,0.529,0.471,0.271,0.494,0.446,0.149,0.3
20700210,2007-11-27 22:30:00,Regular Season,,,,1610612760,Seattle,SuperSonics,1610612747,Los Angeles,Lakers,0,0,99,106,,240.0,17,7,5,3,38,91,0.418,5,13,0.385,18,28,0.643,13,28,41,16,24,24,10,1,-7,25,29,19,26,,,,33,7,11,9,9,12,38,13,12,0,2,13,98.7,102.1,110.6,108.2,-11.9,-6.1,0.447,1.7,13.0,0.298,,,0.103,0.445,0.479,98.1,97.5,81.25,97,0.406,12.0,9.0,4.0,7.0,40.0,0.857,0.143,0.667,0.283,0.152,0.091,0.182,0.121,0.384,0.364,0.636,1.0,0.0,0.447,0.553,0.308,0.481,0.456,0.122,
20700210,2007-11-27 22:30:00,Regular Season,,,,1610612747,Los Angeles,Lakers,1610612760,Seattle,SuperSonics,1,1,106,99,,240.0,24,3,3,5,36,79,0.456,4,11,0.364,30,36,0.833,11,37,48,7,24,24,12,1,7,30,24,31,21,,,,23,14,7,9,7,9,40,4,12,0,8,6,110.6,108.2,98.7,102.1,11.9,6.1,0.667,2.0,18.0,,0.702,,0.122,0.481,0.559,98.1,97.5,81.25,98,0.594,9.0,12.0,13.0,9.0,38.0,0.861,0.139,0.604,0.226,0.113,0.066,0.283,0.085,0.377,0.625,0.375,1.0,0.0,0.667,0.333,0.456,0.445,0.308,0.103,0.298
20700195,2007-11-25 21:00:00,Regular Season,,,,1610612760,Seattle,SuperSonics,1610612759,San Antonio,Spurs,1,0,101,116,,240.0,20,5,4,3,41,78,0.526,4,10,0.4,15,18,0.833,5,24,29,6,22,18,9,1,-15,30,34,20,17,,,,48,9,8,5,6,10,40,12,7,0,2,12,112.3,114.8,132.5,133.3,-20.2,-18.6,0.488,2.22,17.2,0.256,,,0.102,0.551,0.588,88.7,87.5,72.92,88,0.433,10.0,10.0,25.0,2.0,44.0,0.872,0.128,0.733,0.337,0.119,0.059,0.149,0.099,0.396,0.486,0.514,0.5,0.5,0.488,0.512,0.231,0.581,0.3,0.103,
20700195,2007-11-25 21:00:00,Regular Season,,,,1610612759,San Antonio,Spurs,1610612760,Seattle,SuperSonics,0,1,116,101,,240.0,23,3,3,4,41,80,0.513,11,19,0.579,23,24,0.958,12,27,39,6,18,22,9,0,15,32,32,27,25,,,,47,15,14,5,2,10,44,25,7,0,12,2,132.5,133.3,112.3,114.8,20.2,18.6,0.561,2.56,18.5,,0.744,,0.103,0.581,0.64,88.7,87.5,72.92,87,0.567,10.0,10.0,12.0,6.0,40.0,0.763,0.238,0.517,0.138,0.284,0.017,0.198,0.086,0.379,0.4,0.6,1.0,0.0,0.561,0.439,0.3,0.551,0.231,0.102,0.256
20700181,2007-11-23 22:30:00,Regular Season,,,,1610612751,New Jersey,Nets,1610612760,Seattle,SuperSonics,0,1,98,93,,240.0,18,10,1,3,39,79,0.494,5,13,0.385,15,22,0.682,8,25,33,7,24,17,14,1,5,28,24,24,22,,,,38,13,7,1,12,20,44,13,5,0,6,7,103.5,104.3,96.0,97.9,7.5,6.4,0.462,1.29,14.8,0.222,0.667,0.437,0.149,0.525,0.553,95.8,94.5,78.75,94,0.516,20.0,15.0,11.0,12.0,32.0,0.835,0.165,0.694,0.245,0.153,0.122,0.153,0.204,0.449,0.382,0.618,1.0,0.0,0.462,0.538,0.278,0.514,0.37,0.221,0.333
20700181,2007-11-23 22:30:00,Regular Season,,,,1610612760,Seattle,SuperSonics,1610612751,New Jersey,Nets,1,0,93,98,,240.0,18,4,3,1,35,73,0.479,5,12,0.417,18,27,0.667,9,30,39,15,17,24,21,0,-5,22,20,26,25,,,,42,5,7,1,12,15,32,11,5,0,2,11,96.0,97.9,103.5,104.3,-7.5,-6.4,0.514,0.86,14.3,0.333,0.778,0.563,0.221,0.514,0.548,95.8,94.5,78.75,95,0.484,15.0,20.0,13.0,12.0,44.0,0.836,0.164,0.645,0.301,0.161,0.129,0.194,0.161,0.344,0.5,0.5,0.6,0.4,0.514,0.486,0.37,0.525,0.278,0.149,0.222
20700146,2007-11-19 20:00:00,Regular Season,,,,1610612763,Memphis,Grizzlies,1610612760,Seattle,SuperSonics,1,1,125,108,,240.0,33,9,10,3,48,86,0.558,8,15,0.533,21,28,0.75,10,25,35,9,24,25,13,0,17,38,30,34,23,,,,40,27,10,2,11,18,66,6,3,0,3,7,123.4,123.8,107.0,106.9,16.4,16.8,0.688,2.54,22.8,,0.592,,0.129,0.605,0.636,101.1,101.0,84.17,101,0.611,18.0,14.0,15.0,8.0,48.0,0.826,0.174,0.64,0.112,0.192,0.088,0.168,0.144,0.528,0.625,0.375,1.0,0.0,0.688,0.313,0.326,0.466,0.391,0.168,0.408
20700146,2007-11-19 20:00:00,Regular Season,,,,1610612760,Seattle,SuperSonics,1610612763,Memphis,Grizzlies,0,0,108,125,,240.0,20,5,3,10,39,87,0.448,3,9,0.333,27,34,0.794,18,30,48,8,25,24,17,1,-17,24,29,24,31,,,,48,1,6,2,8,14,48,15,3,0,2,10,107.0,106.9,123.4,123.8,-16.4,-16.8,0.513,1.18,14.2,0.408,,,0.168,0.466,0.53,101.1,101.0,84.17,101,0.389,14.0,18.0,6.0,11.0,66.0,0.897,0.103,0.667,0.222,0.083,0.074,0.25,0.13,0.444,0.556,0.444,0.0,1.0,0.513,0.487,0.391,0.605,0.326,0.129,
20700132,2007-11-17 19:00:00,Regular Season,,,,1610612760,Seattle,SuperSonics,1610612766,Charlotte,Bobcats,0,0,84,100,,240.0,14,9,10,6,26,84,0.31,3,11,0.273,29,36,0.806,10,28,38,16,19,25,14,0,-16,22,27,21,14,,,,21,8,10,8,10,20,34,7,8,0,2,9,80.9,86.6,102.2,102.0,-21.4,-15.4,0.538,1.0,11.0,0.274,0.642,0.443,0.144,0.327,0.421,100.8,97.5,81.25,97,0.36,20.0,21.0,15.0,22.0,46.0,0.869,0.131,0.548,0.143,0.107,0.119,0.345,0.238,0.405,0.478,0.522,1.0,0.0,0.538,0.462,0.429,0.494,0.225,0.173,0.358
20700132,2007-11-17 19:00:00,Regular Season,,,,1610612766,Charlotte,Bobcats,1610612760,Seattle,SuperSonics,1,1,100,84,,240.0,23,6,6,10,39,89,0.438,10,21,0.476,12,20,0.6,17,43,60,9,25,19,17,2,16,22,25,30,23,,,,23,20,9,8,22,21,46,15,8,0,5,4,102.2,102.0,80.9,86.6,21.4,15.4,0.59,1.35,16.5,0.358,0.726,0.557,0.173,0.494,0.511,100.8,97.5,81.25,98,0.64,21.0,20.0,7.0,10.0,34.0,0.764,0.236,0.58,0.12,0.3,0.22,0.12,0.21,0.46,0.517,0.483,0.8,0.2,0.59,0.41,0.225,0.327,0.429,0.144,0.274
20700123,2007-11-16 19:30:00,Regular Season,,,,1610612737,Atlanta,Hawks,1610612760,Seattle,SuperSonics,1,0,123,126,,290.0,24,6,7,4,45,99,0.455,6,23,0.261,27,33,0.818,13,34,47,15,30,28,15,3,-3,23,22,37,25,7,9,16,37,4,10,16,17,22,52,9,23,0,3,5,106.5,111.8,110.9,115.6,-4.4,-3.8,0.533,1.6,15.4,0.393,0.655,0.523,0.136,0.485,0.542,94.8,90.62,75.52,110,0.489,22.0,15.0,13.0,19.0,50.0,0.768,0.232,0.634,0.211,0.146,0.138,0.22,0.179,0.423,0.538,0.462,0.5,0.5,0.533,0.467,0.333,0.505,0.313,0.119,0.345
20700123,2007-11-16 19:30:00,Regular Season,,,,1610612760,Seattle,SuperSonics,1610612737,Atlanta,Hawks,0,1,126,123,,290.0,23,6,4,7,47,99,0.475,6,16,0.375,26,31,0.839,12,31,43,12,28,30,13,0,3,26,32,26,23,7,12,19,23,14,15,16,19,15,50,13,23,0,2,8,110.9,115.6,106.5,111.8,4.4,3.8,0.489,1.77,15.2,0.345,0.607,0.477,0.119,0.505,0.559,94.8,90.62,75.52,109,0.511,15.0,22.0,9.0,17.0,52.0,0.838,0.162,0.651,0.254,0.143,0.151,0.206,0.119,0.397,0.463,0.537,0.667,0.333,0.489,0.511,0.313,0.485,0.333,0.136,0.393
20700109,2007-11-14 19:30:00,Regular Season,,,,1610612748,Miami,Heat,1610612760,Seattle,SuperSonics,1,0,95,104,,240.0,15,14,3,2,32,83,0.386,7,26,0.269,24,33,0.727,11,23,34,8,18,22,12,0,-9,25,16,27,27,,,,41,0,10,0,9,34,42,17,0,0,1,7,96.4,97.9,106.1,107.2,-9.7,-9.3,0.469,1.25,12.1,0.236,,,0.124,0.428,0.487,98.3,97.0,80.83,97,0.416,34.0,15.0,14.0,18.0,38.0,0.687,0.313,0.526,0.084,0.221,0.095,0.253,0.358,0.442,0.32,0.68,1.0,0.0,0.469,0.531,0.398,0.56,0.333,0.247,
20700109,2007-11-14 19:30:00,Regular Season,,,,1610612760,Seattle,SuperSonics,1610612748,Miami,Heat,0,1,104,95,,240.0,23,5,2,3,37,75,0.493,10,19,0.526,20,25,0.8,12,40,52,9,22,18,24,2,9,30,31,19,24,,,,37,23,11,0,18,15,38,14,0,0,1,8,106.1,107.2,96.4,97.9,9.7,9.3,0.622,0.96,17.0,,0.764,,0.247,0.56,0.605,98.3,97.0,80.83,97,0.584,15.0,34.0,17.0,9.0,42.0,0.747,0.253,0.519,0.154,0.288,0.173,0.192,0.144,0.365,0.556,0.444,0.8,0.2,0.622,0.378,0.333,0.428,0.398,0.124,0.236
20700097,2007-11-13 19:00:00,Regular Season,,,,1610612760,Seattle,SuperSonics,1610612753,Orlando,Magic,0,0,76,103,,240.0,16,14,5,4,33,96,0.344,2,10,0.2,8,14,0.571,12,32,44,7,23,16,17,0,-27,14,22,20,20,,,,41,7,7,1,25,26,46,12,1,0,0,8,70.9,72.4,95.7,97.2,-24.7,-24.8,0.485,0.94,11.9,0.224,0.723,0.43,0.162,0.354,0.372,107.4,105.5,87.92,105,0.279,26.0,5.0,5.0,16.0,42.0,0.896,0.104,0.816,0.211,0.079,0.329,0.105,0.342,0.605,0.452,0.548,1.0,0.0,0.485,0.515,0.146,0.524,0.268,0.245,0.277
20700097,2007-11-13 19:00:00,Regular Season,,,,1610612753,Orlando,Magic,1610612760,Seattle,SuperSonics,1,1,103,76,,240.0,24,6,4,5,38,82,0.463,10,25,0.4,17,22,0.773,10,48,58,9,16,23,26,0,27,28,21,36,18,,,,27,33,15,1,16,5,42,5,1,0,6,2,95.7,97.2,70.9,72.4,24.7,24.8,0.632,0.92,16.9,0.277,0.776,0.57,0.245,0.524,0.562,107.4,105.5,87.92,106,0.721,5.0,26.0,12.0,25.0,46.0,0.695,0.305,0.544,0.136,0.291,0.155,0.165,0.049,0.408,0.5,0.5,1.0,0.0,0.632,0.368,0.268,0.354,0.146,0.162,0.224
20700091,2007-11-11 21:00:00,Regular Season,,,,1610612760,Seattle,SuperSonics,1610612765,Detroit,Pistons,1,0,103,107,,240.0,21,7,2,1,37,86,0.43,3,9,0.333,26,29,0.897,11,36,47,5,25,25,13,0,-4,20,32,21,30,,,,52,2,11,1,23,7,46,12,1,0,0,7,102.2,102.0,105.4,103.9,-3.2,-1.9,0.568,1.62,15.8,,0.727,,0.129,0.448,0.521,101.1,102.0,85.0,101,0.477,7.0,11.0,21.0,8.0,30.0,0.895,0.105,0.66,0.214,0.087,0.223,0.252,0.068,0.447,0.529,0.471,1.0,0.0,0.568,0.432,0.337,0.477,0.375,0.107,0.273
20700091,2007-11-11 21:00:00,Regular Season,,,,1610612765,Detroit,Pistons,1610612760,Seattle,SuperSonics,0,1,107,103,,240.0,27,10,1,2,38,88,0.432,8,23,0.348,23,33,0.697,12,37,49,11,25,25,11,0,4,35,29,17,26,,,,28,23,12,1,8,11,30,21,1,0,5,1,105.4,103.9,102.2,102.0,3.2,1.9,0.711,2.45,18.8,0.273,,,0.107,0.477,0.522,101.1,102.0,85.0,103,0.523,11.0,7.0,12.0,23.0,46.0,0.739,0.261,0.561,0.28,0.224,0.075,0.215,0.103,0.28,0.633,0.367,1.0,0.0,0.711,0.289,0.375,0.448,0.337,0.129,
20700078,2007-11-09 22:30:00,Regular Season,,,,1610612760,Seattle,SuperSonics,1610612762,Utah,Jazz,1,0,101,103,,240.0,19,9,6,8,40,85,0.471,2,13,0.154,19,29,0.655,12,26,38,16,23,20,17,0,-2,25,21,29,26,,,,43,3,8,7,22,18,66,8,6,0,0,6,98.3,99.0,99.2,103.0,-0.9,-4.0,0.475,1.12,14.1,0.333,0.673,0.5,0.167,0.482,0.517,103.3,101.0,84.17,102,0.419,18.0,13.0,17.0,6.0,58.0,0.847,0.153,0.752,0.099,0.059,0.218,0.188,0.178,0.653,0.447,0.553,1.0,0.0,0.475,0.525,0.341,0.494,0.314,0.19,0.327
20700078,2007-11-09 22:30:00,Regular Season,,,,1610612762,Utah,Jazz,1610612760,Seattle,SuperSonics,0,1,103,101,,240.0,32,11,8,6,42,86,0.488,1,8,0.125,18,27,0.667,13,31,44,10,20,23,19,1,2,28,24,26,25,,,,23,11,6,7,6,13,58,17,6,0,4,2,99.2,103.0,98.3,99.0,0.9,4.0,0.762,1.68,21.6,0.327,0.667,0.5,0.19,0.494,0.526,103.3,101.0,84.17,100,0.581,13.0,18.0,8.0,22.0,66.0,0.907,0.093,0.796,0.233,0.029,0.058,0.175,0.126,0.563,0.756,0.244,1.0,0.0,0.762,0.238,0.314,0.482,0.341,0.167,0.333
20700061,2007-11-07 22:00:00,Regular Season,,,,1610612763,Memphis,Grizzlies,1610612760,Seattle,SuperSonics,0,1,105,98,,240.0,18,5,5,9,35,93,0.376,10,25,0.4,25,32,0.781,21,32,53,11,16,29,18,0,7,27,22,38,18,,,,20,7,8,12,13,26,42,32,6,0,1,2,100.9,105.0,98.6,98.0,2.3,7.0,0.514,1.0,12.4,0.443,0.688,0.55,0.18,0.43,0.49,101.7,100.0,83.33,100,0.503,26.0,20.0,18.0,25.0,52.0,0.731,0.269,0.476,0.076,0.286,0.124,0.238,0.248,0.4,0.36,0.64,0.9,0.1,0.514,0.486,0.344,0.476,0.224,0.19,0.313
20700061,2007-11-07 22:00:00,Regular Season,,,,1610612760,Seattle,SuperSonics,1610612763,Memphis,Grizzlies,1,0,98,105,,240.0,18,10,9,5,39,85,0.459,3,12,0.25,17,19,0.895,13,32,45,4,29,16,19,1,-7,24,33,24,17,,,,30,14,9,12,25,20,52,18,6,0,0,5,98.6,98.0,100.9,105.0,-2.3,-7.0,0.462,0.95,13.6,0.313,0.557,0.45,0.19,0.476,0.525,101.7,100.0,83.33,100,0.497,20.0,26.0,32.0,13.0,42.0,0.859,0.141,0.735,0.204,0.092,0.255,0.173,0.204,0.531,0.444,0.556,0.667,0.333,0.462,0.538,0.224,0.43,0.344,0.18,0.443
20700051,2007-11-06 22:00:00,Regular Season,,,,1610612760,Seattle,SuperSonics,1610612758,Sacramento,Kings,0,0,98,104,,240.0,19,11,4,4,38,79,0.481,8,21,0.381,14,18,0.778,12,30,42,5,29,19,26,1,-6,25,36,17,20,,,,52,20,15,8,27,24,30,16,9,0,0,4,97.1,98.0,103.7,103.0,-6.6,-5.0,0.5,0.73,14.5,0.302,0.667,0.495,0.26,0.532,0.564,100.6,100.5,83.75,100,0.447,24.0,34.0,14.0,10.0,42.0,0.734,0.266,0.612,0.306,0.245,0.276,0.143,0.245,0.306,0.4,0.6,0.875,0.125,0.5,0.5,0.228,0.481,0.474,0.188,0.333
20700051,2007-11-06 22:00:00,Regular Season,,,,1610612758,Sacramento,Kings,1610612760,Seattle,SuperSonics,1,1,104,98,,240.0,16,14,4,4,35,78,0.449,5,17,0.294,29,37,0.784,13,28,41,8,19,29,19,2,6,26,22,24,32,,,,21,7,9,8,10,34,42,14,9,0,1,3,103.7,103.0,97.1,98.0,6.6,5.0,0.457,0.84,12.1,0.333,0.698,0.505,0.188,0.481,0.552,100.6,100.5,83.75,101,0.553,34.0,24.0,16.0,27.0,30.0,0.782,0.218,0.577,0.173,0.144,0.096,0.279,0.327,0.404,0.4,0.6,0.8,0.2,0.457,0.543,0.474,0.532,0.228,0.26,0.302
20700036,2007-11-04 15:30:00,Regular Season,,,,1610612760,Seattle,SuperSonics,1610612746,Los Angeles,Clippers,0,0,101,115,,240.0,25,6,4,5,39,83,0.47,5,13,0.385,18,22,0.818,10,37,47,4,24,22,22,0,-14,21,31,24,25,,,,34,5,8,7,2,8,40,11,8,0,0,3,96.5,98.1,110.6,109.5,-14.1,-11.5,0.641,1.14,18.0,,0.722,,0.214,0.5,0.545,104.3,104.0,86.67,103,0.43,8.0,25.0,18.0,12.0,48.0,0.843,0.157,0.673,0.277,0.149,0.02,0.178,0.079,0.396,0.647,0.353,0.6,0.4,0.641,0.359,0.265,0.5,0.382,0.114,0.278
20700036,2007-11-04 15:30:00,Regular Season,,,,1610612746,Los Angeles,Clippers,1610612760,Seattle,SuperSonics,1,1,115,101,,240.0,25,14,5,4,41,89,0.461,7,18,0.389,26,34,0.765,12,36,48,5,22,24,12,0,14,25,27,26,37,,,,43,17,9,7,12,25,48,18,8,0,2,0,110.6,109.5,96.5,98.1,14.1,11.5,0.61,2.08,17.5,0.278,,,0.114,0.5,0.553,104.3,104.0,86.67,105,0.57,25.0,8.0,11.0,2.0,40.0,0.798,0.202,0.591,0.174,0.183,0.104,0.226,0.217,0.417,0.559,0.441,0.857,0.143,0.61,0.39,0.382,0.5,0.265,0.214,
20700014,2007-11-01 22:30:00,Regular Season,,,,1610612760,Seattle,SuperSonics,1610612756,Phoenix,Suns,1,0,99,106,,240.0,24,10,2,2,41,99,0.414,5,13,0.385,12,15,0.8,11,39,50,8,17,14,18,0,-7,26,32,24,17,,,,22,9,11,12,21,21,46,14,13,0,0,2,87.9,91.7,99.5,96.4,-11.6,-4.7,0.585,1.33,16.3,0.259,0.87,0.529,0.167,0.439,0.469,109.5,109.0,90.83,108,0.432,21.0,27.0,8.0,22.0,40.0,0.869,0.131,0.727,0.263,0.152,0.212,0.121,0.212,0.465,0.556,0.444,0.8,0.2,0.585,0.415,0.152,0.565,0.202,0.182,0.13
20700014,2007-11-01 22:30:00,Regular Season,,,,1610612756,Phoenix,Suns,1610612760,Seattle,SuperSonics,0,1,106,99,,240.0,31,11,2,2,42,84,0.5,11,33,0.333,11,17,0.647,5,39,44,7,14,17,20,1,7,27,28,24,27,,,,32,11,13,12,22,27,40,8,13,0,1,0,99.5,96.4,87.9,91.7,11.6,4.7,0.738,1.55,21.1,0.13,0.741,0.471,0.182,0.565,0.579,109.5,109.0,90.83,110,0.568,27.0,21.0,14.0,21.0,46.0,0.607,0.393,0.585,0.208,0.311,0.208,0.104,0.255,0.377,0.645,0.355,1.0,0.0,0.738,0.262,0.202,0.439,0.152,0.167,0.259
20700011,2007-10-31 22:30:00,Regular Season,,,,1610612760,Seattle,SuperSonics,1610612743,Denver,Nuggets,0,0,103,120,,240.0,27,9,5,10,40,96,0.417,7,17,0.412,16,27,0.593,14,38,52,15,27,21,21,2,-17,31,27,23,22,,,,39,7,8,8,25,18,54,13,4,0,0,1,89.7,98.1,109.7,114.3,-20.0,-16.2,0.675,1.29,17.2,0.397,,,0.2,0.453,0.477,112.1,105.0,87.5,105,0.384,18.0,29.0,17.0,35.0,52.0,0.823,0.177,0.641,0.117,0.204,0.243,0.155,0.175,0.524,0.606,0.394,1.0,0.0,0.675,0.325,0.281,0.522,0.385,0.152,
20700011,2007-10-31 22:30:00,Regular Season,,,,1610612743,Denver,Nuggets,1610612760,Seattle,SuperSonics,1,1,120,103,,240.0,31,11,10,5,42,91,0.462,11,27,0.407,25,35,0.714,13,37,50,9,21,27,16,1,17,35,24,27,34,,,,40,24,12,8,35,29,52,17,4,0,1,0,109.7,114.3,89.7,98.1,20.0,16.2,0.738,1.94,20.4,,0.603,,0.152,0.522,0.564,112.1,105.0,87.5,105,0.616,29.0,18.0,13.0,25.0,54.0,0.703,0.297,0.517,0.083,0.275,0.292,0.208,0.242,0.433,0.645,0.355,1.0,0.0,0.738,0.262,0.385,0.453,0.281,0.2,0.397
10700100,2007-10-24 22:00:00,,,,,1610612757,Portland,Trail Blazers,1610612760,Seattle,SuperSonics,1,1,109,107,,240.0,16,9,2,3,39,86,0.453,4,9,0.444,27,40,0.675,18,26,44,,17,28,16,,2,,,,,,,,,,,,,,,,,,,,107.3,110.1,103.6,108.1,3.6,2.0,0.41,1.0,11.6,0.436,0.683,0.542,0.162,0.477,0.526,102.4,99.0,82.5,99,0.494,20.0,10.0,18.0,8.0,50.0,0.895,0.105,0.642,0.183,0.11,0.092,0.248,0.183,0.459,0.343,0.657,1.0,0.0,0.41,0.59,0.465,0.53,0.25,0.172,0.317
10700100,2007-10-24 22:00:00,,,,,1610612760,Seattle,SuperSonics,1610612757,Portland,Trail Blazers,0,0,107,109,,240.0,19,7,3,2,43,84,0.512,3,12,0.25,18,21,0.857,7,30,37,,28,17,17,,-2,,,,,,,,,,,,,,,,,,,,103.6,108.1,107.3,110.1,-3.6,-2.0,0.442,1.12,14.6,0.317,0.564,0.458,0.172,0.53,0.574,102.4,99.0,82.5,99,0.506,10.0,20.0,20.0,10.0,50.0,0.857,0.143,0.748,0.28,0.084,0.075,0.168,0.093,0.467,0.4,0.6,1.0,0.0,0.442,0.558,0.25,0.477,0.465,0.162,0.436
10700093,2007-10-23 22:00:00,,,,,1610612760,Seattle,SuperSonics,1610612744,Golden State,Warriors,1,0,122,126,,265.0,29,15,7,6,43,105,0.41,8,19,0.421,28,36,0.778,17,41,58,,31,29,25,,-4,,,,,,,,,,,,,,,,,,,,94.7,94.6,95.8,96.9,-1.1,-2.3,0.674,1.16,16.5,0.284,0.75,0.496,0.194,0.448,0.505,117.9,117.28,97.74,129,0.495,36.0,27.0,15.0,26.0,58.0,0.819,0.181,0.574,0.148,0.197,0.279,0.23,0.295,0.426,0.629,0.371,0.875,0.125,0.674,0.326,0.343,0.5,0.33,0.208,0.25
10700093,2007-10-23 22:00:00,,,,,1610612744,Golden State,Warriors,1610612760,Seattle,SuperSonics,0,1,126,122,,265.0,22,11,6,7,47,100,0.47,6,20,0.3,26,33,0.788,10,44,54,,29,31,27,,4,,,,,,,,,,,,,,,,,,,,95.8,96.9,94.7,94.6,1.1,2.3,0.468,0.81,13.3,0.25,0.716,0.504,0.208,0.5,0.55,117.9,117.28,97.74,130,0.505,27.0,36.0,14.0,34.0,52.0,0.8,0.2,0.651,0.19,0.143,0.206,0.206,0.214,0.46,0.415,0.585,0.833,0.167,0.468,0.532,0.33,0.448,0.343,0.194,0.284
10700078,2007-10-20 22:00:00,,,,,1610612760,Seattle,SuperSonics,1610612745,Houston,Rockets,1,0,94,117,,240.0,21,8,2,4,36,82,0.439,1,7,0.143,21,34,0.618,13,33,46,,31,25,18,,-23,,,,,,,,,,,,,,,,,,,,92.2,91.3,107.3,114.7,-15.1,-23.4,0.583,1.17,15.2,0.314,0.7,0.505,0.175,0.445,0.485,105.5,102.5,85.42,103,0.368,18.0,25.0,15.0,17.0,32.0,0.915,0.085,0.745,0.383,0.032,0.309,0.223,0.191,0.362,0.571,0.429,1.0,0.0,0.583,0.417,0.415,0.517,0.364,0.157,0.3
10700078,2007-10-20 22:00:00,,,,,1610612745,Houston,Rockets,1610612760,Seattle,SuperSonics,0,1,117,94,,240.0,28,8,4,2,40,88,0.455,11,27,0.407,26,32,0.813,9,31,40,,25,31,16,,23,,,,,,,,,,,,,,,,,,,,107.3,114.7,92.2,91.3,15.1,23.4,0.7,1.75,19.3,0.3,0.686,0.495,0.157,0.517,0.573,105.5,102.5,85.42,102,0.632,25.0,18.0,11.0,29.0,34.0,0.693,0.307,0.496,0.222,0.282,0.145,0.222,0.214,0.274,0.621,0.379,0.909,0.091,0.7,0.3,0.364,0.445,0.415,0.175,0.314
10700062,2007-10-18 22:00:00,,,,,1610612747,Los Angeles,Lakers,1610612760,Seattle,SuperSonics,1,1,126,106,,240.0,30,8,3,2,46,82,0.561,7,12,0.583,27,35,0.771,14,30,44,,23,30,19,,20,,,,,,,,,,,,,,,,,,,,123.0,122.3,100.4,103.9,22.6,18.4,0.652,1.58,20.4,,0.667,,0.184,0.604,0.647,104.0,102.5,85.42,103,0.605,32.0,25.0,15.0,22.0,60.0,0.854,0.146,0.619,0.222,0.167,0.19,0.214,0.254,0.397,0.615,0.385,0.857,0.143,0.652,0.348,0.427,0.517,0.276,0.196,0.333
10700062,2007-10-18 22:00:00,,,,,1610612760,Seattle,SuperSonics,1610612747,Los Angeles,Lakers,0,0,106,126,,240.0,27,12,2,3,44,87,0.506,2,13,0.154,16,24,0.667,12,25,37,,30,23,20,,-20,,,,,,,,,,,,,,,,,,,,100.4,103.9,123.0,122.3,-22.6,-18.4,0.614,1.35,18.6,0.333,,,0.196,0.517,0.543,104.0,102.5,85.42,102,0.395,25.0,32.0,18.0,24.0,50.0,0.851,0.149,0.792,0.226,0.057,0.208,0.151,0.236,0.566,0.595,0.405,1.0,0.0,0.614,0.386,0.276,0.604,0.427,0.184,
10700037,2007-10-13 19:00:00,,,,,1610612754,Indiana,Pacers,1610612760,Seattle,SuperSonics,1,1,97,87,,240.0,24,4,6,11,38,101,0.376,11,26,0.423,10,18,0.556,19,38,57,,19,22,12,,10,,,,,,,,,,,,,,,,,,,,95.2,97.0,88.6,87.9,6.6,9.1,0.632,2.0,16.4,0.353,0.741,0.525,0.12,0.431,0.445,100.1,99.5,82.92,100,0.536,8.0,5.0,10.0,21.0,26.0,0.743,0.257,0.557,0.247,0.34,0.082,0.103,0.082,0.309,0.481,0.519,1.0,0.0,0.632,0.368,0.178,0.395,0.37,0.162,0.259
10700037,2007-10-13 19:00:00,,,,,1610612760,Seattle,SuperSonics,1610612754,Indiana,Pacers,0,0,87,97,,240.0,17,3,11,6,30,81,0.37,4,12,0.333,23,30,0.767,12,41,53,,22,19,16,,-10,,,,,,,,,,,,,,,,,,,,88.6,87.9,95.2,97.0,-6.6,-9.1,0.567,1.06,13.2,0.259,0.647,0.475,0.162,0.395,0.462,100.1,99.5,82.92,99,0.464,5.0,8.0,12.0,8.0,30.0,0.852,0.148,0.598,0.299,0.138,0.241,0.264,0.057,0.299,0.5,0.5,1.0,0.0,0.567,0.433,0.37,0.431,0.178,0.12,0.353
20800739,2009-02-06 20:00:00,Regular Season,,,,1610612757,Portland,Trail Blazers,1610612760,Oklahoma City,Thunder,0,0,93,102,,240.0,18,4,5,4,36,80,0.45,6,18,0.333,15,21,0.714,9,28,37,8,24,17,13,0,-9,25,15,26,27,,,,28,0,9,0,8,16,44,9,5,0,30,19,99.7,101.1,109.0,110.9,-9.3,-9.8,0.5,1.38,15.0,0.222,0.698,0.455,0.141,0.488,0.521,93.4,92.0,76.67,92,0.397,16.0,13.0,8.0,13.0,52.0,0.775,0.225,0.645,0.172,0.194,0.086,0.161,0.172,0.473,0.433,0.567,0.833,0.167,0.5,0.5,0.263,0.513,0.3,0.152,0.302
20800739,2009-02-06 20:00:00,Regular Season,,,,1610612760,Oklahoma City,Thunder,1610612757,Portland,Trail Blazers,1,1,102,93,,240.0,23,6,4,5,40,80,0.5,2,7,0.286,20,24,0.833,11,32,43,6,17,24,14,2,9,37,23,21,21,,,,18,22,7,0,13,13,52,8,5,1,12,38,109.0,110.9,99.7,101.1,9.3,9.8,0.575,1.64,18.0,0.302,0.778,0.545,0.152,0.513,0.563,93.4,92.0,76.67,92,0.603,13.0,16.0,9.0,8.0,44.0,0.913,0.088,0.745,0.235,0.059,0.127,0.196,0.127,0.51,0.553,0.447,1.0,0.0,0.575,0.425,0.3,0.488,0.263,0.141,0.222
20800728,2009-02-04 20:00:00,Regular Season,,,,1610612760,Oklahoma City,Thunder,1610612743,Denver,Nuggets,1,0,113,114,,240.0,24,6,3,1,42,84,0.5,6,16,0.375,23,31,0.742,17,28,45,9,14,23,16,0,-1,31,39,24,19,,,,25,17,15,14,24,16,56,17,11,0,11,38,116.9,117.7,113.6,120.0,3.3,-2.3,0.571,1.5,17.4,0.383,0.66,0.526,0.167,0.536,0.579,98.5,95.5,79.58,96,0.51,16.0,21.0,17.0,16.0,64.0,0.81,0.19,0.637,0.142,0.159,0.212,0.204,0.142,0.496,0.528,0.472,0.833,0.167,0.571,0.429,0.369,0.538,0.204,0.126,0.34
20800728,2009-02-04 20:00:00,Regular Season,,,,1610612743,Denver,Nuggets,1610612760,Oklahoma City,Thunder,0,1,114,113,,240.0,26,9,1,3,47,93,0.505,6,9,0.667,14,19,0.737,13,27,40,7,23,14,12,0,1,32,27,30,25,,,,43,6,8,14,16,21,64,17,11,0,33,16,113.6,120.0,116.9,117.7,-3.3,2.3,0.553,2.17,18.8,0.34,0.617,0.474,0.126,0.538,0.562,98.5,95.5,79.58,95,0.49,21.0,16.0,17.0,24.0,56.0,0.903,0.097,0.719,0.158,0.158,0.14,0.123,0.184,0.561,0.512,0.488,0.833,0.167,0.553,0.447,0.204,0.536,0.369,0.167,0.383
20800705,2009-02-01 15:00:00,Regular Season,,,,1610612760,Oklahoma City,Thunder,1610612758,Sacramento,Kings,0,0,118,122,,265.0,21,6,3,8,41,90,0.456,3,14,0.214,33,39,0.846,21,30,51,6,29,28,18,0,-4,31,26,33,22,6,,6,11,5,10,10,15,12,52,20,15,0,11,37,113.3,113.5,112.0,115.1,1.3,-1.6,0.512,1.17,14.3,0.442,0.564,0.505,0.173,0.472,0.551,96.5,95.09,79.25,104,0.479,12.0,24.0,13.0,15.0,48.0,0.844,0.156,0.644,0.203,0.076,0.127,0.28,0.102,0.441,0.474,0.526,1.0,0.0,0.512,0.488,0.433,0.49,0.351,0.132,0.436
20800705,2009-02-01 15:00:00,Regular Season,,,,1610612758,Sacramento,Kings,1610612760,Oklahoma City,Thunder,1,1,122,118,,265.0,25,9,8,3,44,97,0.454,7,22,0.318,27,34,0.794,17,26,43,15,28,29,14,0,4,33,30,29,20,10,,10,36,8,8,10,15,24,48,13,15,1,11,38,112.0,115.1,113.3,113.5,-1.3,1.6,0.568,1.79,16.2,0.436,0.558,0.495,0.132,0.49,0.545,96.5,95.09,79.25,106,0.521,24.0,12.0,20.0,15.0,52.0,0.773,0.227,0.607,0.213,0.172,0.123,0.221,0.197,0.393,0.514,0.486,0.857,0.143,0.568,0.432,0.351,0.472,0.433,0.173,0.442
20800689,2009-01-30 21:00:00,Regular Season,,,,1610612762,Utah,Jazz,1610612760,Oklahoma City,Thunder,1,1,110,90,,240.0,32,12,4,2,44,86,0.512,7,17,0.412,15,23,0.652,12,22,34,12,23,24,12,0,20,28,36,31,15,,,,20,24,13,11,16,25,48,15,4,1,26,21,114.4,117.0,96.8,95.7,17.7,21.3,0.727,2.67,22.5,,0.625,,0.128,0.552,0.572,94.6,94.0,78.33,94,0.651,25.0,10.0,15.0,16.0,42.0,0.802,0.198,0.673,0.236,0.191,0.145,0.136,0.227,0.436,0.757,0.243,0.571,0.429,0.727,0.273,0.267,0.493,0.352,0.266,0.375
20800689,2009-01-30 21:00:00,Regular Season,,,,1610612760,Oklahoma City,Thunder,1610612762,Utah,Jazz,0,0,90,110,,240.0,14,3,2,4,34,71,0.479,2,11,0.182,20,25,0.8,14,29,43,3,24,23,25,1,-20,26,25,24,15,,,,17,4,7,11,16,10,42,15,4,1,11,36,96.8,95.7,114.4,117.0,-17.7,-21.3,0.412,0.56,11.4,0.375,,,0.266,0.493,0.549,94.6,94.0,78.33,94,0.349,10.0,25.0,15.0,16.0,48.0,0.845,0.155,0.711,0.244,0.067,0.178,0.222,0.111,0.467,0.375,0.625,1.0,0.0,0.412,0.588,0.352,0.552,0.267,0.128,
20800674,2009-01-28 20:00:00,Regular Season,,,,1610612760,Oklahoma City,Thunder,1610612763,Memphis,Grizzlies,1,1,114,102,,265.0,25,8,8,2,44,86,0.512,8,13,0.615,18,29,0.621,12,35,47,16,17,23,15,0,12,24,32,25,19,14,,14,29,12,14,8,17,18,40,14,6,1,11,35,112.0,112.9,99.0,100.0,13.0,12.9,0.568,1.67,17.7,0.313,0.843,0.586,0.149,0.558,0.577,92.7,91.92,76.6,101,0.59,18.0,14.0,8.0,19.0,36.0,0.849,0.151,0.632,0.281,0.211,0.149,0.158,0.158,0.351,0.5,0.5,0.875,0.125,0.568,0.432,0.337,0.482,0.294,0.137,0.157
20800674,2009-01-28 20:00:00,Regular Season,,,,1610612763,Memphis,Grizzlies,1610612760,Oklahoma City,Thunder,0,0,102,114,,265.0,17,10,2,8,37,85,0.435,8,21,0.381,20,25,0.8,7,31,38,5,23,17,14,1,-12,37,20,14,29,2,,2,24,14,8,8,19,14,36,8,6,0,11,34,99.0,100.0,112.0,112.9,-13.0,-12.9,0.459,1.21,13.4,0.157,0.688,0.414,0.137,0.482,0.531,92.7,91.92,76.6,102,0.41,14.0,18.0,14.0,17.0,40.0,0.753,0.247,0.569,0.216,0.235,0.186,0.196,0.137,0.353,0.345,0.655,0.875,0.125,0.459,0.541,0.294,0.558,0.337,0.149,0.313
20800660,2009-01-26 20:00:00,Regular Season,,,,1610612760,Oklahoma City,Thunder,1610612751,New Jersey,Nets,1,1,94,85,,240.0,18,6,7,3,30,73,0.411,4,11,0.364,30,38,0.789,15,37,52,5,14,25,19,1,9,24,27,31,12,,,,30,30,12,1,18,14,36,13,3,0,10,35,100.3,97.9,89.5,90.4,10.7,7.5,0.6,0.95,14.0,,0.709,,0.198,0.438,0.524,94.3,95.0,79.17,96,0.567,14.0,23.0,14.0,12.0,42.0,0.849,0.151,0.553,0.17,0.128,0.191,0.319,0.149,0.383,0.577,0.423,0.75,0.25,0.6,0.4,0.521,0.424,0.212,0.17,0.291
20800660,2009-01-26 20:00:00,Regular Season,,,,1610612751,New Jersey,Nets,1610612760,Oklahoma City,Thunder,0,0,85,94,,240.0,19,16,3,7,34,85,0.4,4,17,0.235,13,18,0.722,14,31,45,5,25,14,16,2,-9,23,17,14,31,,,,36,4,20,1,12,23,42,14,3,0,20,25,89.5,90.4,100.3,97.9,-10.7,-7.5,0.559,1.19,14.7,0.291,,,0.17,0.424,0.457,94.3,95.0,79.17,94,0.433,23.0,14.0,13.0,18.0,36.0,0.8,0.2,0.706,0.212,0.141,0.141,0.153,0.271,0.494,0.5,0.5,1.0,0.0,0.559,0.441,0.212,0.438,0.521,0.198,
20800639,2009-01-23 22:30:00,Regular Season,,,,1610612746,Los Angeles,Clippers,1610612760,Oklahoma City,Thunder,1,1,107,104,,240.0,25,9,8,4,38,79,0.481,11,19,0.579,20,24,0.833,8,23,31,7,29,24,7,0,3,25,25,27,30,,,,26,8,6,6,6,18,34,9,6,0,10,32,120.8,117.6,111.6,115.6,9.2,2.0,0.658,3.57,19.8,0.238,0.543,0.398,0.077,0.551,0.597,90.9,90.5,75.42,91,0.55,18.0,8.0,12.0,9.0,32.0,0.759,0.241,0.505,0.187,0.308,0.056,0.187,0.168,0.318,0.556,0.444,0.909,0.091,0.658,0.342,0.304,0.473,0.52,0.2,0.457
20800639,2009-01-23 22:30:00,Regular Season,,,,1610612760,Oklahoma City,Thunder,1610612746,Los Angeles,Clippers,0,0,104,107,,240.0,17,3,4,8,32,75,0.427,7,15,0.467,33,39,0.846,17,31,48,8,24,29,18,0,-3,29,24,19,32,,,,25,7,10,6,9,8,32,12,6,0,9,35,111.6,115.6,120.8,117.6,-9.2,-2.0,0.531,0.94,13.3,0.457,0.762,0.602,0.2,0.473,0.564,90.9,90.5,75.42,90,0.45,8.0,18.0,9.0,6.0,34.0,0.8,0.2,0.481,0.173,0.202,0.087,0.317,0.077,0.308,0.44,0.56,0.857,0.143,0.531,0.469,0.52,0.551,0.304,0.077,0.238
20800626,2009-01-21 22:30:00,Regular Season,,,,1610612760,Oklahoma City,Thunder,1610612744,Golden State,Warriors,0,1,122,121,,240.0,24,8,1,6,42,85,0.494,8,13,0.615,30,33,0.909,14,25,39,6,27,26,15,0,1,37,35,17,33,,,,24,8,8,22,22,21,50,20,15,0,9,34,121.4,124.5,121.5,121.0,-0.1,3.5,0.571,1.6,17.4,0.364,0.73,0.531,0.153,0.541,0.613,100.1,99.0,82.5,98,0.483,21.0,19.0,8.0,24.0,42.0,0.847,0.153,0.557,0.148,0.197,0.18,0.246,0.172,0.41,0.529,0.471,0.75,0.25,0.571,0.429,0.388,0.553,0.533,0.14,0.27
20800626,2009-01-21 22:30:00,Regular Season,,,,1610612744,Golden State,Warriors,1610612760,Oklahoma City,Thunder,1,0,121,122,,240.0,25,6,6,1,39,75,0.52,5,12,0.417,38,40,0.95,7,25,32,7,26,27,14,0,-1,34,34,27,26,,,,50,6,8,22,24,19,42,8,15,1,13,30,121.5,121.0,121.4,124.5,0.1,-3.5,0.641,1.79,18.7,0.27,0.636,0.469,0.14,0.553,0.653,100.1,99.0,82.5,100,0.517,19.0,21.0,20.0,22.0,50.0,0.84,0.16,0.562,0.215,0.124,0.198,0.314,0.157,0.347,0.588,0.412,1.0,0.0,0.641,0.359,0.533,0.541,0.388,0.153,0.364
20800600,2009-01-18 19:00:00,Regular Season,,,,1610612748,Miami,Heat,1610612760,Oklahoma City,Thunder,0,1,104,94,,240.0,22,6,9,6,41,85,0.482,11,21,0.524,11,14,0.786,6,27,33,11,20,15,12,0,10,31,26,27,20,,,,34,15,8,7,7,18,38,15,8,1,22,18,107.0,111.8,97.7,101.1,9.3,10.8,0.537,1.83,17.3,0.267,0.732,0.488,0.129,0.547,0.57,96.7,93.0,77.5,93,0.53,18.0,21.0,14.0,18.0,46.0,0.753,0.247,0.577,0.212,0.317,0.067,0.106,0.173,0.365,0.433,0.567,0.818,0.182,0.537,0.463,0.165,0.5,0.417,0.194,0.268
20800600,2009-01-18 19:00:00,Regular Season,,,,1610612760,Oklahoma City,Thunder,1610612748,Miami,Heat,1,0,94,104,,240.0,18,6,6,9,34,72,0.472,4,13,0.308,22,30,0.733,7,32,39,10,15,20,18,1,-10,27,23,23,21,,,,14,2,8,7,18,21,46,14,8,1,8,34,97.7,101.1,107.0,111.8,-9.3,-10.8,0.529,1.0,14.8,0.268,0.733,0.512,0.194,0.5,0.552,96.7,93.0,77.5,93,0.47,21.0,18.0,15.0,7.0,38.0,0.819,0.181,0.638,0.149,0.128,0.191,0.234,0.223,0.489,0.467,0.533,1.0,0.0,0.529,0.471,0.417,0.547,0.165,0.129,0.267
20800585,2009-01-16 20:00:00,Regular Season,,,,1610612760,Oklahoma City,Thunder,1610612765,Detroit,Pistons,1,1,89,79,,240.0,24,4,5,5,35,82,0.427,4,9,0.444,15,20,0.75,14,38,52,8,15,20,14,0,10,21,28,22,18,,,,24,17,15,11,8,8,42,16,10,0,8,33,98.0,97.8,88.2,87.8,9.8,10.0,0.686,1.71,18.3,0.34,0.867,0.598,0.154,0.451,0.49,90.2,90.5,75.42,91,0.586,8.0,12.0,5.0,10.0,44.0,0.89,0.11,0.697,0.225,0.135,0.09,0.169,0.09,0.472,0.645,0.355,1.0,0.0,0.686,0.314,0.244,0.475,0.1,0.122,0.133
20800585,2009-01-16 20:00:00,Regular Season,,,,1610612765,Detroit,Pistons,1610612760,Oklahoma City,Thunder,0,0,79,89,,240.0,15,9,5,5,37,80,0.463,2,8,0.25,3,8,0.375,5,30,35,5,20,15,11,1,-10,18,28,21,12,,,,14,4,6,11,10,12,44,5,10,1,22,16,88.2,87.8,98.0,97.8,-9.8,-10.0,0.405,1.36,13.5,0.133,0.66,0.402,0.122,0.475,0.473,90.2,90.5,75.42,90,0.414,12.0,8.0,16.0,8.0,42.0,0.9,0.1,0.886,0.329,0.076,0.127,0.038,0.152,0.557,0.4,0.6,0.5,0.5,0.405,0.595,0.1,0.451,0.244,0.154,0.34
20800572,2009-01-14 20:00:00,Regular Season,,,,1610612762,Utah,Jazz,1610612760,Oklahoma City,Thunder,0,0,93,114,,240.0,22,8,5,3,35,83,0.422,4,14,0.286,19,27,0.704,7,19,26,8,27,23,9,0,-21,22,26,23,22,,,,42,2,9,1,7,25,46,11,3,1,23,16,96.0,95.9,116.7,118.8,-20.7,-22.9,0.629,2.44,17.3,0.157,0.618,0.341,0.093,0.446,0.49,97.3,96.5,80.42,97,0.352,25.0,14.0,16.0,16.0,42.0,0.831,0.169,0.667,0.172,0.129,0.075,0.204,0.269,0.495,0.581,0.419,1.0,0.0,0.629,0.371,0.325,0.57,0.535,0.198,0.382
20800572,2009-01-14 20:00:00,Regular Season,,,,1610612760,Oklahoma City,Thunder,1610612762,Utah,Jazz,1,1,114,93,,240.0,17,6,3,5,39,71,0.549,3,6,0.5,33,38,0.868,9,39,48,11,23,27,19,2,21,27,23,36,28,,,,27,21,11,1,16,14,42,16,3,1,7,33,116.7,118.8,96.0,95.9,20.7,22.9,0.436,0.89,13.5,0.382,0.843,0.659,0.198,0.57,0.65,97.3,96.5,80.42,96,0.648,14.0,25.0,11.0,7.0,46.0,0.915,0.085,0.632,0.263,0.079,0.14,0.289,0.123,0.368,0.389,0.611,1.0,0.0,0.436,0.564,0.535,0.446,0.325,0.093,0.157
20800555,2009-01-12 19:30:00,Regular Season,,,,1610612760,Oklahoma City,Thunder,1610612751,New Jersey,Nets,0,0,99,103,,265.0,20,6,4,4,36,82,0.439,3,10,0.3,24,29,0.828,11,37,48,5,21,25,23,1,-4,25,26,14,23,11,,11,27,8,8,2,18,20,56,14,6,0,6,33,92.7,94.3,99.3,96.3,-6.6,-2.0,0.556,0.87,14.5,0.26,0.661,0.477,0.219,0.457,0.522,95.3,96.0,80.0,105,0.495,20.0,28.0,18.0,22.0,58.0,0.878,0.122,0.667,0.101,0.091,0.182,0.242,0.202,0.566,0.515,0.485,1.0,0.0,0.556,0.444,0.354,0.429,0.224,0.131,0.339
20800555,2009-01-12 19:30:00,Regular Season,,,,1610612751,New Jersey,Nets,1610612760,Oklahoma City,Thunder,1,1,103,99,,265.0,19,13,4,4,39,98,0.398,6,26,0.231,19,22,0.864,18,31,49,11,25,21,14,1,4,25,19,23,21,15,,15,23,12,16,2,22,28,58,18,6,1,19,19,99.3,96.3,92.7,94.3,6.6,2.0,0.487,1.36,13.1,0.339,0.74,0.523,0.131,0.429,0.478,95.3,96.0,80.0,107,0.505,28.0,20.0,14.0,18.0,56.0,0.735,0.265,0.641,0.078,0.175,0.214,0.184,0.272,0.563,0.515,0.485,0.333,0.667,0.487,0.513,0.224,0.457,0.354,0.219,0.26
20800542,2009-01-10 20:30:00,Regular Season,,,,1610612760,Oklahoma City,Thunder,1610612741,Chicago,Bulls,0,1,109,98,,265.0,25,11,4,10,40,98,0.408,1,10,0.1,28,34,0.824,22,37,59,14,21,28,19,2,11,31,23,22,18,15,,15,28,11,9,12,18,25,54,28,10,1,6,32,99.1,106.9,93.4,96.1,5.7,10.8,0.625,1.32,15.7,0.541,,,0.186,0.413,0.482,97.3,92.38,76.98,102,0.609,25.0,19.0,12.0,16.0,38.0,0.898,0.102,0.716,0.22,0.028,0.165,0.257,0.229,0.495,0.615,0.385,1.0,0.0,0.625,0.375,0.347,0.462,0.196,0.157,
20800542,2009-01-10 20:30:00,Regular Season,,,,1610612741,Chicago,Bulls,1610612760,Oklahoma City,Thunder,1,0,98,109,,265.0,16,9,10,4,40,92,0.435,5,14,0.357,13,18,0.722,11,26,37,11,28,21,16,0,-11,29,22,23,20,4,,4,18,5,8,12,16,19,38,12,10,0,16,21,93.4,96.1,99.1,106.9,-5.7,-10.8,0.4,1.0,12.0,,0.459,,0.157,0.462,0.49,97.3,92.38,76.98,102,0.391,19.0,25.0,28.0,18.0,54.0,0.848,0.152,0.714,0.327,0.153,0.163,0.133,0.194,0.388,0.343,0.657,0.8,0.2,0.4,0.6,0.196,0.413,0.347,0.186,0.541
20800533,2009-01-09 20:00:00,Regular Season,,,,1610612760,Oklahoma City,Thunder,1610612745,Houston,Rockets,1,0,96,98,,240.0,20,6,4,4,39,81,0.481,4,8,0.5,14,16,0.875,12,32,44,5,25,17,22,1,-2,24,16,32,24,,,,31,9,6,3,11,14,38,12,7,0,5,32,97.9,99.0,99.4,101.0,-1.4,-2.1,0.513,0.91,15.2,0.341,0.81,0.57,0.227,0.506,0.545,98.3,97.0,80.83,97,0.478,14.0,21.0,8.0,18.0,42.0,0.901,0.099,0.729,0.333,0.125,0.115,0.146,0.146,0.396,0.457,0.543,1.0,0.0,0.513,0.487,0.198,0.493,0.419,0.165,0.19
20800533,2009-01-09 20:00:00,Regular Season,,,,1610612745,Houston,Rockets,1610612760,Oklahoma City,Thunder,0,1,98,96,,240.0,14,14,4,4,34,74,0.459,5,20,0.25,25,31,0.806,5,26,31,10,17,25,16,0,2,24,29,24,21,,,,25,15,10,3,18,21,42,8,7,1,23,15,99.4,101.0,97.9,99.0,1.4,2.1,0.412,0.88,11.8,0.19,0.659,0.43,0.165,0.493,0.559,98.3,97.0,80.83,97,0.522,21.0,14.0,12.0,11.0,38.0,0.73,0.27,0.592,0.163,0.153,0.184,0.255,0.214,0.429,0.414,0.586,0.4,0.6,0.412,0.588,0.419,0.506,0.198,0.227,0.341
20800520,2009-01-07 20:00:00,Regular Season,,,,1610612760,Oklahoma City,Thunder,1610612750,Minnesota,Timberwolves,0,0,87,129,,240.0,23,4,4,8,35,88,0.398,3,11,0.273,14,16,0.875,7,31,38,6,19,14,16,1,-42,24,19,23,21,,,,41,0,6,0,15,8,40,8,0,1,5,31,83.6,86.1,128.2,127.7,-44.6,-41.6,0.657,1.44,17.2,0.204,0.627,0.41,0.158,0.415,0.458,102.3,101.0,84.17,101,0.309,8.0,32.0,22.0,10.0,62.0,0.875,0.125,0.736,0.276,0.103,0.172,0.161,0.092,0.46,0.656,0.344,0.667,0.333,0.657,0.343,0.182,0.587,0.337,0.129,0.373
20800520,2009-01-07 20:00:00,Regular Season,,,,1610612750,Minnesota,Timberwolves,1610612760,Oklahoma City,Thunder,1,1,129,87,,240.0,23,12,8,4,48,92,0.522,12,28,0.429,21,31,0.677,18,39,57,8,14,19,13,1,42,42,30,26,31,,,,43,44,12,0,10,32,62,22,0,1,10,25,128.2,127.7,83.6,86.1,44.6,41.6,0.479,1.77,16.1,0.373,0.796,0.59,0.129,0.587,0.611,102.3,101.0,84.17,101,0.691,32.0,8.0,8.0,15.0,40.0,0.696,0.304,0.558,0.078,0.279,0.078,0.163,0.248,0.481,0.444,0.556,0.583,0.417,0.479,0.521,0.337,0.415,0.182,0.158,0.204
20800510,2009-01-06 20:00:00,Regular Season,,,,1610612752,New York,Knicks,1610612760,Oklahoma City,Thunder,0,0,99,107,,240.0,13,8,0,8,35,88,0.398,11,34,0.324,18,19,0.947,10,25,35,7,24,16,15,1,-8,23,27,29,20,,,,41,4,10,3,13,27,46,9,2,0,13,20,97.7,101.0,109.6,108.1,-11.9,-7.1,0.371,0.87,10.4,0.264,0.73,0.456,0.153,0.46,0.514,99.5,98.5,82.08,98,0.347,27.0,16.0,11.0,11.0,42.0,0.614,0.386,0.485,0.02,0.333,0.131,0.182,0.273,0.465,0.208,0.792,0.727,0.273,0.371,0.629,0.216,0.561,0.419,0.192,0.27
20800510,2009-01-06 20:00:00,Regular Season,,,,1610612760,Oklahoma City,Thunder,1610612752,New York,Knicks,1,1,107,99,,240.0,23,9,8,0,39,74,0.527,5,16,0.313,24,31,0.774,9,37,46,8,16,24,19,1,8,35,28,28,16,,,,18,23,11,3,11,16,42,11,2,1,5,30,109.6,108.1,97.7,101.0,11.9,7.1,0.59,1.21,17.4,0.27,0.736,0.544,0.192,0.561,0.61,99.5,98.5,82.08,99,0.653,16.0,27.0,9.0,13.0,46.0,0.784,0.216,0.636,0.243,0.14,0.103,0.224,0.15,0.393,0.529,0.471,1.0,0.0,0.59,0.41,0.419,0.46,0.216,0.153,0.264
20800482,2009-01-02 20:00:00,Regular Season,,,,1610612760,Oklahoma City,Thunder,1610612743,Denver,Nuggets,1,0,120,122,,240.0,25,8,5,3,45,77,0.584,8,13,0.615,22,26,0.846,7,23,30,6,26,24,16,0,-2,26,38,32,24,,,,41,14,8,11,20,24,54,9,9,0,4,30,123.2,126.3,125.6,128.4,-2.4,-2.1,0.556,1.56,19.4,,0.722,,0.168,0.636,0.678,97.3,95.0,79.17,95,0.498,24.0,20.0,13.0,16.0,46.0,0.831,0.169,0.617,0.167,0.2,0.167,0.183,0.2,0.45,0.459,0.541,1.0,0.0,0.556,0.444,0.338,0.613,0.52,0.147,0.278
20800482,2009-01-02 20:00:00,Regular Season,,,,1610612743,Denver,Nuggets,1610612760,Oklahoma City,Thunder,0,1,122,120,,240.0,23,9,3,5,41,75,0.547,10,20,0.5,30,39,0.769,9,26,35,8,24,26,14,0,2,32,21,36,33,,,,18,11,9,11,16,20,46,13,9,0,22,12,125.6,128.4,123.2,126.3,2.4,2.1,0.561,1.64,18.0,0.278,,,0.147,0.613,0.662,97.3,95.0,79.17,95,0.502,20.0,24.0,9.0,20.0,54.0,0.733,0.267,0.508,0.131,0.246,0.131,0.246,0.164,0.377,0.516,0.484,0.7,0.3,0.561,0.439,0.52,0.636,0.338,0.168,
20800471,2008-12-31 20:00:00,Regular Season,,,,1610612744,Golden State,Warriors,1610612760,Oklahoma City,Thunder,0,0,100,107,,240.0,20,9,4,6,35,76,0.461,9,21,0.429,21,26,0.808,9,26,35,6,24,22,20,0,-7,28,27,15,30,,,,42,12,7,15,9,13,36,10,3,0,10,24,101.6,103.1,108.2,109.2,-6.6,-6.1,0.571,1.0,15.6,0.256,0.6,0.432,0.206,0.52,0.572,98.7,97.5,81.25,97,0.44,13.0,24.0,25.0,12.0,60.0,0.724,0.276,0.52,0.16,0.27,0.09,0.21,0.13,0.36,0.462,0.538,0.889,0.111,0.571,0.429,0.342,0.5,0.318,0.163,0.4
20800471,2008-12-31 20:00:00,Regular Season,,,,1610612760,Oklahoma City,Thunder,1610612744,Golden State,Warriors,1,1,107,100,,240.0,18,12,6,4,41,85,0.482,3,8,0.375,22,27,0.815,14,31,45,9,22,24,16,1,7,22,29,27,29,,,,36,12,7,15,12,24,60,25,3,1,4,29,108.2,109.2,101.6,103.1,6.6,6.1,0.439,1.13,13.4,0.4,0.744,0.568,0.163,0.5,0.552,98.7,97.5,81.25,98,0.56,24.0,13.0,10.0,9.0,36.0,0.906,0.094,0.71,0.15,0.084,0.112,0.206,0.224,0.561,0.421,0.579,0.667,0.333,0.439,0.561,0.318,0.52,0.342,0.206,0.256
20800454,2008-12-29 20:00:00,Regular Season,,,,1610612760,Oklahoma City,Thunder,1610612756,Phoenix,Suns,1,0,102,110,,240.0,21,7,4,4,38,72,0.528,5,15,0.333,21,31,0.677,7,28,35,12,26,22,15,0,-8,34,21,32,15,,,,13,10,9,3,13,18,50,8,3,1,3,29,108.9,110.9,116.3,118.3,-7.4,-7.4,0.553,1.4,17.2,0.243,0.674,0.482,0.163,0.563,0.596,94.1,92.5,77.08,92,0.463,18.0,20.0,16.0,18.0,60.0,0.792,0.208,0.647,0.157,0.147,0.127,0.206,0.176,0.49,0.576,0.424,0.4,0.6,0.553,0.447,0.431,0.542,0.286,0.151,0.326
20800454,2008-12-29 20:00:00,Regular Season,,,,1610612756,Phoenix,Suns,1610612760,Oklahoma City,Thunder,0,1,110,102,,240.0,22,10,4,4,42,84,0.5,7,21,0.333,19,24,0.792,14,23,37,7,22,26,14,0,8,34,26,32,18,,,,37,15,9,3,18,20,60,16,3,1,17,12,116.3,118.3,108.9,110.9,7.4,7.4,0.524,1.57,16.9,0.326,0.757,0.518,0.151,0.542,0.582,94.1,92.5,77.08,93,0.537,20.0,18.0,8.0,13.0,50.0,0.75,0.25,0.636,0.091,0.191,0.164,0.173,0.182,0.545,0.429,0.571,1.0,0.0,0.524,0.476,0.286,0.563,0.431,0.163,0.243
20800438,2008-12-27 19:00:00,Regular Season,,,,1610612764,Washington,Wizards,1610612760,Oklahoma City,Thunder,1,1,104,95,,240.0,31,12,5,11,45,100,0.45,3,15,0.2,11,16,0.688,21,26,47,8,16,11,11,0,9,33,23,20,28,,,,26,13,12,11,15,24,50,16,12,1,5,23,107.2,108.3,100.7,101.1,6.5,7.3,0.689,2.82,20.7,0.431,0.7,0.541,0.115,0.465,0.486,95.7,95.0,79.17,96,0.516,24.0,14.0,9.0,22.0,50.0,0.85,0.15,0.808,0.327,0.087,0.144,0.106,0.231,0.481,0.69,0.31,0.667,0.333,0.689,0.311,0.16,0.513,0.247,0.213,0.3
20800438,2008-12-27 19:00:00,Regular Season,,,,1610612760,Oklahoma City,Thunder,1610612764,Washington,Wizards,0,0,95,104,,240.0,23,7,11,5,37,77,0.481,5,12,0.417,16,19,0.842,11,31,42,6,11,16,20,1,-9,31,23,22,19,,,,19,5,10,11,22,14,50,9,12,1,3,28,100.7,101.1,107.2,108.3,-6.5,-7.3,0.622,1.15,17.8,0.3,0.569,0.459,0.213,0.513,0.556,95.7,95.0,79.17,94,0.484,14.0,24.0,16.0,15.0,50.0,0.844,0.156,0.674,0.147,0.158,0.232,0.168,0.147,0.526,0.563,0.438,1.0,0.0,0.622,0.378,0.247,0.465,0.16,0.115,0.431
20800429,2008-12-26 20:00:00,Regular Season,,,,1610612760,Oklahoma City,Thunder,1610612765,Detroit,Pistons,0,0,88,90,,240.0,20,3,3,5,37,82,0.451,2,9,0.222,12,19,0.632,11,35,46,11,13,17,15,1,-2,17,27,19,25,,,,20,6,13,17,13,8,44,15,14,0,3,27,93.3,93.6,95.5,94.7,-2.2,-1.1,0.541,1.33,15.9,0.277,0.78,0.536,0.16,0.463,0.487,94.3,94.5,78.75,94,0.502,8.0,18.0,12.0,9.0,44.0,0.89,0.11,0.795,0.295,0.068,0.148,0.136,0.091,0.5,0.543,0.457,0.5,0.5,0.541,0.459,0.232,0.46,0.138,0.126,0.22
20800429,2008-12-26 20:00:00,Regular Season,,,,1610612765,Detroit,Pistons,1610612760,Oklahoma City,Thunder,1,1,90,88,,240.0,17,6,5,3,39,87,0.448,2,10,0.2,10,12,0.833,10,31,41,4,17,13,12,0,2,19,27,20,24,,,,20,14,8,17,9,18,44,12,14,0,16,11,95.5,94.7,93.3,93.6,2.2,1.1,0.436,1.42,13.8,0.22,0.723,0.464,0.126,0.46,0.488,94.3,94.5,78.75,95,0.498,18.0,8.0,15.0,13.0,44.0,0.885,0.115,0.822,0.333,0.067,0.1,0.111,0.2,0.489,0.405,0.595,1.0,0.0,0.436,0.564,0.138,0.463,0.232,0.16,0.277
20800409,2008-12-23 19:00:00,Regular Season,,,,1610612760,Oklahoma City,Thunder,1610612737,Atlanta,Hawks,0,0,88,99,,240.0,22,3,1,5,34,91,0.374,5,12,0.417,15,21,0.714,19,33,52,13,18,16,12,0,-11,24,19,25,20,,,,21,8,10,10,8,11,40,22,2,0,3,26,94.4,100.0,111.9,113.8,-17.6,-13.8,0.647,1.83,16.3,0.45,0.745,0.579,0.136,0.401,0.439,90.8,87.5,72.92,88,0.396,11.0,16.0,14.0,20.0,46.0,0.868,0.132,0.659,0.205,0.17,0.091,0.17,0.125,0.455,0.586,0.414,1.0,0.0,0.647,0.353,0.231,0.513,0.329,0.103,0.255
20800409,2008-12-23 19:00:00,Regular Season,,,,1610612737,Atlanta,Hawks,1610612760,Oklahoma City,Thunder,1,1,99,88,,240.0,27,8,5,1,37,79,0.468,7,19,0.368,18,26,0.692,11,29,40,8,16,18,9,0,11,23,22,24,30,,,,19,12,10,10,20,16,46,14,2,1,18,10,111.9,113.8,94.4,100.0,17.6,13.8,0.73,3.0,21.4,0.255,0.55,0.421,0.103,0.513,0.547,90.8,87.5,72.92,87,0.604,16.0,11.0,22.0,8.0,40.0,0.759,0.241,0.606,0.141,0.212,0.202,0.182,0.162,0.465,0.7,0.3,0.857,0.143,0.73,0.27,0.329,0.401,0.231,0.136,0.45
20800402,2008-12-21 19:00:00,Regular Season,,,,1610612739,Cleveland,Cavaliers,1610612760,Oklahoma City,Thunder,0,1,102,91,,240.0,21,11,3,1,42,76,0.553,9,17,0.529,9,15,0.6,7,25,32,9,16,15,12,1,11,27,25,30,20,,,,23,18,6,12,20,20,42,11,7,1,23,4,116.4,117.2,101.8,104.6,14.6,12.6,0.5,1.75,17.9,0.237,0.652,0.464,0.138,0.612,0.617,88.5,87.0,72.5,87,0.573,20.0,15.0,13.0,13.0,30.0,0.776,0.224,0.647,0.235,0.265,0.196,0.088,0.196,0.412,0.455,0.545,0.667,0.333,0.5,0.5,0.197,0.487,0.241,0.184,0.348
20800402,2008-12-21 19:00:00,Regular Season,,,,1610612760,Oklahoma City,Thunder,1610612739,Cleveland,Cavaliers,1,0,91,102,,240.0,21,5,1,3,35,79,0.443,7,15,0.467,14,19,0.737,14,27,41,7,15,16,16,0,-11,25,22,25,19,,,,13,3,6,12,13,15,30,13,7,1,3,25,101.8,104.6,116.4,117.2,-14.6,-12.6,0.6,1.31,16.9,0.348,0.763,0.536,0.184,0.487,0.521,88.5,87.0,72.5,87,0.427,15.0,20.0,11.0,20.0,42.0,0.81,0.19,0.615,0.286,0.231,0.143,0.154,0.165,0.33,0.571,0.429,0.714,0.286,0.6,0.4,0.241,0.612,0.197,0.138,0.237
20800386,2008-12-19 20:00:00,Regular Season,,,,1610612760,Oklahoma City,Thunder,1610612761,Toronto,Raptors,1,1,91,83,,240.0,20,6,5,3,36,81,0.444,3,13,0.231,16,27,0.593,15,39,54,12,19,25,18,0,8,26,20,22,23,,,,18,13,12,2,20,12,40,15,2,1,3,24,94.9,95.8,88.2,86.5,6.7,9.3,0.556,1.11,15.2,0.327,,,0.189,0.463,0.49,95.0,95.5,79.58,95,0.575,12.0,16.0,15.0,7.0,32.0,0.84,0.16,0.725,0.286,0.099,0.22,0.176,0.132,0.44,0.515,0.485,1.0,0.0,0.556,0.444,0.333,0.375,0.261,0.115,
20800386,2008-12-19 20:00:00,Regular Season,,,,1610612761,Toronto,Raptors,1610612760,Oklahoma City,Thunder,0,0,83,91,,240.0,19,8,3,5,32,88,0.364,2,17,0.118,17,23,0.739,15,33,48,4,25,19,11,0,-8,17,19,23,24,,,,33,3,6,2,7,16,32,15,2,0,10,16,88.2,86.5,94.9,95.8,-6.7,-9.3,0.594,1.73,14.6,,0.673,,0.115,0.375,0.423,95.0,95.5,79.58,96,0.425,16.0,12.0,15.0,20.0,40.0,0.807,0.193,0.723,0.337,0.072,0.084,0.205,0.193,0.386,0.567,0.433,1.0,0.0,0.594,0.406,0.261,0.463,0.333,0.189,0.327
20800362,2008-12-16 20:00:00,Regular Season,,,,1610612746,Los Angeles,Clippers,1610612760,Oklahoma City,Thunder,0,1,98,88,,240.0,19,10,1,6,39,85,0.459,6,19,0.316,14,18,0.778,12,31,43,8,20,17,15,0,10,28,22,20,28,,,,10,14,13,6,15,29,44,14,4,1,7,17,102.2,101.0,91.1,91.7,11.0,9.4,0.487,1.27,14.7,0.283,0.694,0.495,0.155,0.494,0.527,96.2,96.5,80.42,97,0.521,29.0,15.0,8.0,17.0,46.0,0.776,0.224,0.673,0.224,0.184,0.153,0.143,0.296,0.449,0.424,0.576,0.833,0.167,0.487,0.513,0.212,0.468,0.304,0.219,0.306
20800362,2008-12-16 20:00:00,Regular Season,,,,1610612760,Oklahoma City,Thunder,1610612746,Los Angeles,Clippers,1,0,88,98,,240.0,25,10,6,1,36,79,0.456,2,9,0.222,14,24,0.583,14,31,45,7,17,20,21,1,-10,16,32,17,23,,,,38,2,9,6,17,15,46,8,4,1,2,24,91.1,91.7,102.2,101.0,-11.0,-9.4,0.694,1.19,18.4,0.306,0.717,0.505,0.219,0.468,0.491,96.2,96.5,80.42,96,0.479,15.0,29.0,14.0,15.0,44.0,0.886,0.114,0.773,0.25,0.068,0.193,0.159,0.17,0.523,0.676,0.324,1.0,0.0,0.694,0.306,0.304,0.494,0.212,0.155,0.283
20800349,2008-12-14 19:00:00,Regular Season,,,,1610612760,Oklahoma City,Thunder,1610612759,San Antonio,Spurs,0,0,104,109,,240.0,19,5,6,3,44,85,0.518,6,17,0.353,10,12,0.833,8,29,37,6,22,13,11,1,-5,19,25,25,35,,,,34,3,10,2,10,6,54,13,1,0,2,23,111.5,113.0,116.0,118.5,-4.5,-5.4,0.432,1.73,15.7,0.256,0.756,0.5,0.12,0.553,0.576,93.6,92.0,76.67,92,0.454,6.0,14.0,14.0,10.0,38.0,0.8,0.2,0.731,0.212,0.173,0.096,0.096,0.058,0.519,0.368,0.632,0.833,0.167,0.432,0.568,0.141,0.569,0.313,0.109,0.244
20800349,2008-12-14 19:00:00,Regular Season,,,,1610612759,San Antonio,Spurs,1610612760,Oklahoma City,Thunder,1,1,109,104,,240.0,28,3,3,6,41,80,0.513,9,23,0.391,18,25,0.72,7,30,37,9,13,22,10,0,5,39,23,21,26,,,,29,26,11,2,10,14,38,14,1,1,15,8,116.0,118.5,111.5,113.0,4.5,5.4,0.683,2.8,21.5,0.244,0.744,0.5,0.109,0.569,0.599,93.6,92.0,76.67,92,0.546,14.0,6.0,13.0,10.0,54.0,0.713,0.288,0.587,0.239,0.248,0.092,0.165,0.128,0.349,0.594,0.406,1.0,0.0,0.683,0.317,0.313,0.553,0.141,0.12,0.256
20800341,2008-12-13 20:30:00,Regular Season,,,,1610612760,Oklahoma City,Thunder,1610612742,Dallas,Mavericks,0,0,99,103,,240.0,16,8,5,6,40,87,0.46,3,12,0.25,16,17,0.941,16,32,48,4,19,16,15,0,-4,28,26,26,19,,,,25,9,8,11,12,15,42,18,7,1,2,22,105.9,105.3,111.0,110.8,-5.1,-5.4,0.4,1.07,12.8,0.375,0.773,0.565,0.16,0.477,0.524,93.1,93.5,77.92,94,0.472,15.0,16.0,2.0,15.0,34.0,0.862,0.138,0.747,0.323,0.091,0.121,0.162,0.152,0.424,0.378,0.622,0.667,0.333,0.4,0.6,0.195,0.549,0.247,0.129,0.227
20800341,2008-12-13 20:30:00,Regular Season,,,,1610612742,Dallas,Mavericks,1610612760,Oklahoma City,Thunder,1,1,103,99,,240.0,24,4,6,5,41,81,0.506,7,20,0.35,14,20,0.7,9,29,38,4,16,19,12,0,4,23,27,29,24,,,,39,6,10,11,15,16,34,2,7,0,13,9,111.0,110.8,105.9,105.3,5.1,5.4,0.585,2.0,18.9,0.227,0.625,0.435,0.129,0.549,0.573,93.1,93.5,77.92,93,0.528,16.0,15.0,18.0,12.0,42.0,0.753,0.247,0.66,0.33,0.204,0.146,0.136,0.155,0.33,0.529,0.471,0.857,0.143,0.585,0.415,0.247,0.477,0.195,0.16,0.375
20800317,2008-12-10 20:00:00,Regular Season,,,,1610612763,Memphis,Grizzlies,1610612760,Oklahoma City,Thunder,0,1,108,102,,240.0,19,9,7,7,38,79,0.481,6,12,0.5,26,33,0.788,12,24,36,11,21,29,8,0,6,23,25,28,32,,,,47,8,9,9,13,23,40,15,4,1,7,15,120.6,116.1,108.3,109.7,12.4,6.5,0.5,2.38,15.3,,0.795,,0.086,0.519,0.577,91.9,93.0,77.5,93,0.527,23.0,9.0,8.0,17.0,36.0,0.848,0.152,0.593,0.222,0.167,0.12,0.241,0.213,0.37,0.406,0.594,1.0,0.0,0.5,0.5,0.418,0.542,0.417,0.172,0.205
20800317,2008-12-10 20:00:00,Regular Season,,,,1610612760,Oklahoma City,Thunder,1610612763,Memphis,Grizzlies,1,0,102,108,,240.0,26,4,7,7,37,72,0.514,4,7,0.571,24,30,0.8,7,30,37,5,29,21,16,1,-6,29,26,28,19,,,,34,21,13,9,17,9,36,8,4,0,2,21,108.3,109.7,120.6,116.1,-12.4,-6.5,0.703,1.63,20.5,0.205,,,0.172,0.542,0.599,91.9,93.0,77.5,93,0.473,9.0,23.0,15.0,13.0,40.0,0.903,0.097,0.647,0.294,0.118,0.167,0.235,0.088,0.353,0.667,0.333,1.0,0.0,0.703,0.297,0.417,0.519,0.418,0.086,
20800303,2008-12-08 20:00:00,Regular Season,,,,1610612744,Golden State,Warriors,1610612760,Oklahoma City,Thunder,0,1,112,102,,240.0,17,13,7,8,41,81,0.506,4,13,0.308,26,33,0.788,11,36,47,8,19,26,23,1,10,29,32,25,26,,,,32,21,8,0,17,24,48,12,0,0,6,15,104.2,105.7,92.9,95.3,11.3,10.3,0.415,0.74,12.4,0.304,0.678,0.514,0.217,0.531,0.586,108.7,106.5,88.75,106,0.592,24.0,26.0,15.0,16.0,52.0,0.84,0.16,0.661,0.232,0.107,0.152,0.232,0.214,0.429,0.378,0.622,0.75,0.25,0.415,0.585,0.407,0.469,0.208,0.206,0.322
20800303,2008-12-08 20:00:00,Regular Season,,,,1610612760,Oklahoma City,Thunder,1610612744,Golden State,Warriors,1,0,102,112,,240.0,26,7,8,7,41,96,0.427,8,23,0.348,12,20,0.6,17,31,48,7,26,19,22,1,-10,23,19,26,34,,,,26,0,9,0,16,26,52,15,0,0,2,20,92.9,95.3,104.2,105.7,-11.3,-10.3,0.634,1.18,17.1,0.322,0.696,0.486,0.206,0.469,0.487,108.7,106.5,88.75,107,0.408,26.0,24.0,12.0,17.0,48.0,0.76,0.24,0.647,0.137,0.235,0.157,0.118,0.255,0.51,0.545,0.455,1.0,0.0,0.634,0.366,0.208,0.531,0.407,0.217,0.304
20800288,2008-12-06 19:30:00,Regular Season,,,,1610612760,Oklahoma City,Thunder,1610612748,Miami,Heat,0,0,99,105,,240.0,20,7,4,8,35,81,0.432,5,13,0.385,24,30,0.8,8,31,39,8,22,19,14,0,-6,27,27,16,29,,,,26,2,10,3,16,21,44,12,4,0,2,19,98.8,100.0,106.8,105.0,-8.0,-5.0,0.571,1.43,15.6,0.188,,,0.141,0.463,0.525,99.3,99.5,82.92,99,0.442,21.0,17.0,11.0,9.0,52.0,0.84,0.16,0.606,0.162,0.152,0.162,0.242,0.212,0.444,0.5,0.5,1.0,0.0,0.571,0.429,0.37,0.512,0.329,0.14,
20800288,2008-12-06 19:30:00,Regular Season,,,,1610612748,Miami,Heat,1610612760,Oklahoma City,Thunder,1,1,105,99,,240.0,23,6,8,4,41,85,0.482,5,12,0.417,18,28,0.643,13,37,50,9,19,22,14,0,6,36,23,26,20,,,,16,15,7,3,9,17,52,11,4,1,11,9,106.8,105.0,98.8,100.0,8.0,5.0,0.561,1.64,16.9,,0.813,,0.14,0.512,0.539,99.3,99.5,82.92,100,0.558,17.0,21.0,12.0,16.0,44.0,0.859,0.141,0.686,0.19,0.143,0.086,0.171,0.162,0.495,0.528,0.472,0.8,0.2,0.561,0.439,0.329,0.463,0.37,0.141,0.188
20800276,2008-12-05 19:00:00,Regular Season,,,,1610612753,Orlando,Magic,1610612760,Oklahoma City,Thunder,1,1,98,89,,240.0,21,8,8,4,38,84,0.452,13,27,0.481,9,16,0.563,13,32,45,8,19,20,17,1,9,23,22,25,28,,,,30,12,6,4,17,19,36,21,7,1,15,5,103.1,105.4,93.4,95.7,9.7,9.7,0.553,1.24,16.2,,,,0.183,0.53,0.538,95.1,93.0,77.5,93,0.542,19.0,14.0,20.0,19.0,54.0,0.679,0.321,0.51,0.143,0.398,0.173,0.092,0.194,0.367,0.4,0.6,0.846,0.154,0.553,0.447,0.19,0.452,0.253,0.183,
20800276,2008-12-05 19:00:00,Regular Season,,,,1610612760,Oklahoma City,Thunder,1610612753,Orlando,Magic,0,0,89,98,,240.0,20,9,4,8,36,83,0.434,3,9,0.333,14,21,0.667,14,32,46,8,20,19,17,1,-9,18,21,27,23,,,,30,2,8,4,19,14,54,20,7,1,2,18,93.4,95.7,103.1,105.4,-9.7,-9.7,0.556,1.18,15.5,,,,0.183,0.452,0.482,95.1,93.0,77.5,93,0.458,14.0,19.0,21.0,17.0,36.0,0.892,0.108,0.742,0.135,0.101,0.213,0.157,0.157,0.607,0.515,0.485,1.0,0.0,0.556,0.444,0.253,0.53,0.19,0.183,
20800264,2008-12-03 19:00:00,Regular Season,,,,1610612766,Charlotte,Bobcats,1610612760,Oklahoma City,Thunder,1,1,103,97,,240.0,21,9,1,8,36,76,0.474,4,13,0.308,27,33,0.818,11,24,35,9,25,26,13,0,6,24,25,29,25,,,,21,9,8,9,16,24,50,22,7,1,7,11,111.3,109.6,105.1,103.2,6.3,6.4,0.583,1.62,16.5,0.31,0.794,0.526,0.138,0.5,0.569,92.4,94.0,78.33,94,0.525,24.0,10.0,6.0,6.0,38.0,0.829,0.171,0.621,0.136,0.117,0.155,0.262,0.233,0.485,0.531,0.469,1.0,0.0,0.583,0.417,0.434,0.598,0.424,0.202,0.206
20800264,2008-12-03 19:00:00,Regular Season,,,,1610612760,Oklahoma City,Thunder,1610612766,Charlotte,Bobcats,0,0,97,103,,240.0,24,6,8,1,36,66,0.545,7,11,0.636,18,28,0.643,5,23,28,14,26,25,19,1,-6,21,24,27,25,,,,25,6,9,9,6,10,38,6,7,0,2,17,105.1,103.2,111.3,109.6,-6.3,-6.4,0.667,1.26,19.2,0.206,0.69,0.474,0.202,0.598,0.619,92.4,94.0,78.33,94,0.475,10.0,24.0,22.0,16.0,50.0,0.833,0.167,0.598,0.206,0.216,0.062,0.186,0.103,0.392,0.586,0.414,1.0,0.0,0.667,0.333,0.424,0.5,0.434,0.138,0.31
20800240,2008-11-29 20:00:00,Regular Season,,,,1610612760,Oklahoma City,Thunder,1610612763,Memphis,Grizzlies,0,1,111,103,,240.0,19,8,5,2,38,73,0.521,3,11,0.273,32,38,0.842,10,20,30,6,19,26,11,0,8,22,21,33,35,,,,30,9,10,5,12,17,52,8,10,1,2,16,122.4,120.7,113.7,112.0,8.6,8.7,0.5,1.73,15.7,0.282,0.697,0.472,0.12,0.541,0.619,90.6,92.0,76.67,92,0.549,17.0,11.0,12.0,13.0,48.0,0.849,0.151,0.631,0.162,0.081,0.108,0.288,0.153,0.468,0.486,0.514,0.667,0.333,0.5,0.5,0.521,0.613,0.338,0.196,0.303
20800240,2008-11-29 20:00:00,Regular Season,,,,1610612763,Memphis,Grizzlies,1610612760,Oklahoma City,Thunder,1,0,103,111,,240.0,18,6,2,5,41,71,0.577,5,11,0.455,16,24,0.667,9,27,36,7,26,19,18,0,-8,28,26,26,23,,,,29,14,8,5,13,11,48,12,10,0,4,13,113.7,112.0,122.4,120.7,-8.6,-8.7,0.439,1.0,15.1,0.303,0.718,0.528,0.196,0.613,0.631,90.6,92.0,76.67,92,0.451,11.0,17.0,8.0,12.0,52.0,0.845,0.155,0.699,0.233,0.146,0.126,0.155,0.107,0.466,0.389,0.611,0.8,0.2,0.439,0.561,0.338,0.541,0.521,0.12,0.282
20800230,2008-11-28 20:00:00,Regular Season,,,,1610612750,Minnesota,Timberwolves,1610612760,Oklahoma City,Thunder,0,1,105,103,,240.0,22,1,4,2,37,79,0.468,8,14,0.571,23,30,0.767,13,30,43,9,25,26,15,0,2,16,28,35,26,,,,53,9,6,11,10,8,44,18,15,0,4,10,111.5,114.1,110.9,112.0,0.6,2.2,0.595,1.47,16.9,0.34,0.81,0.562,0.163,0.519,0.569,93.5,92.0,76.67,92,0.497,8.0,19.0,7.0,11.0,40.0,0.823,0.177,0.552,0.133,0.229,0.095,0.219,0.076,0.419,0.483,0.517,1.0,0.0,0.595,0.405,0.38,0.545,0.346,0.109,0.19
20800230,2008-11-28 20:00:00,Regular Season,,,,1610612760,Oklahoma City,Thunder,1610612750,Minnesota,Timberwolves,1,0,103,105,,240.0,23,6,2,4,39,78,0.5,7,16,0.438,18,27,0.667,7,26,33,12,26,25,10,0,-2,18,30,22,33,,,,49,6,7,11,11,19,40,7,15,0,1,16,110.9,112.0,111.5,114.1,-0.6,-2.2,0.59,2.3,18.7,0.19,0.66,0.438,0.109,0.545,0.573,93.5,92.0,76.67,92,0.503,19.0,8.0,18.0,10.0,44.0,0.795,0.205,0.621,0.233,0.204,0.107,0.175,0.184,0.388,0.5,0.5,1.0,0.0,0.59,0.41,0.346,0.519,0.38,0.163,0.34
20800211,2008-11-26 19:00:00,Regular Season,,,,1610612760,Oklahoma City,Thunder,1610612739,Cleveland,Cavaliers,0,0,82,117,,240.0,17,11,6,10,29,82,0.354,2,9,0.222,22,31,0.71,9,19,28,13,22,19,12,2,-35,14,18,20,30,,,,47,0,10,0,17,21,38,13,0,1,1,15,83.1,86.3,123.1,121.9,-39.9,-35.6,0.586,1.42,13.5,0.25,0.656,0.398,0.126,0.366,0.429,96.9,95.5,79.58,95,0.251,21.0,14.0,8.0,12.0,50.0,0.89,0.11,0.659,0.195,0.073,0.207,0.268,0.256,0.463,0.556,0.444,1.0,0.0,0.586,0.414,0.378,0.642,0.432,0.156,0.344
20800211,2008-11-26 19:00:00,Regular Season,,,,1610612739,Cleveland,Cavaliers,1610612760,Oklahoma City,Thunder,1,1,117,82,,240.0,27,3,10,6,45,74,0.608,5,13,0.385,22,32,0.688,8,38,46,14,19,22,15,1,35,33,33,26,25,,,,68,42,13,0,12,14,50,8,0,1,12,3,123.1,121.9,83.1,86.3,39.9,35.6,0.6,1.8,20.5,0.344,0.75,0.602,0.156,0.642,0.664,96.9,95.5,79.58,96,0.749,14.0,21.0,13.0,17.0,38.0,0.824,0.176,0.684,0.256,0.128,0.103,0.188,0.12,0.427,0.55,0.45,1.0,0.0,0.6,0.4,0.432,0.366,0.378,0.126,0.25
20800207,2008-11-25 20:00:00,Regular Season,,,,1610612760,Oklahoma City,Thunder,1610612756,Phoenix,Suns,1,0,98,99,,240.0,28,13,3,6,36,86,0.419,5,10,0.5,21,24,0.875,15,25,40,9,14,22,14,1,-1,25,29,27,17,,,,37,16,12,10,17,23,44,10,2,0,1,14,102.6,107.7,108.7,108.8,-6.2,-1.1,0.778,2.0,20.4,0.36,0.778,0.535,0.154,0.448,0.507,93.3,91.0,75.83,91,0.526,23.0,19.0,6.0,15.0,36.0,0.884,0.116,0.633,0.184,0.153,0.173,0.214,0.235,0.449,0.742,0.258,1.0,0.0,0.778,0.222,0.279,0.596,0.219,0.187,0.222
20800207,2008-11-25 20:00:00,Regular Season,,,,1610612756,Phoenix,Suns,1610612760,Oklahoma City,Thunder,0,1,99,98,,240.0,21,6,6,3,39,73,0.534,9,21,0.429,12,16,0.75,6,28,34,8,22,14,17,0,1,26,15,29,29,,,,24,5,11,10,15,19,36,6,2,1,10,5,108.7,108.8,102.6,107.7,6.2,1.1,0.538,1.24,17.5,0.222,0.64,0.465,0.187,0.596,0.618,93.3,91.0,75.83,91,0.474,19.0,23.0,10.0,17.0,44.0,0.712,0.288,0.606,0.242,0.273,0.152,0.121,0.192,0.364,0.5,0.5,0.667,0.333,0.538,0.462,0.219,0.448,0.279,0.154,0.36
20800191,2008-11-22 20:00:00,Regular Season,,,,1610612740,New Orleans,Hornets,1610612760,Oklahoma City,Thunder,1,1,109,97,,240.0,24,9,4,1,40,74,0.541,6,17,0.353,23,24,0.958,8,27,35,5,18,19,12,0,12,28,25,29,27,,,,17,12,13,11,8,14,48,13,9,1,7,5,123.1,126.7,111.3,112.8,11.7,14.0,0.6,2.0,19.7,,,,0.14,0.581,0.645,87.8,86.0,71.67,86,0.582,14.0,16.0,10.0,9.0,34.0,0.77,0.23,0.624,0.183,0.165,0.073,0.211,0.128,0.44,0.559,0.441,0.833,0.167,0.6,0.4,0.324,0.563,0.319,0.14,
20800191,2008-11-22 20:00:00,Regular Season,,,,1610612760,Oklahoma City,Thunder,1610612740,New Orleans,Hornets,0,0,97,109,,240.0,21,7,1,4,38,72,0.528,5,12,0.417,16,23,0.696,7,22,29,7,19,18,12,0,-12,30,18,24,25,,,,29,7,6,11,9,16,34,10,9,1,1,13,111.3,112.8,123.1,126.7,-11.7,-14.0,0.553,1.75,18.1,,,,0.14,0.563,0.591,87.8,86.0,71.67,86,0.418,16.0,14.0,13.0,8.0,48.0,0.833,0.167,0.68,0.33,0.155,0.093,0.165,0.165,0.351,0.515,0.485,0.8,0.2,0.553,0.447,0.319,0.581,0.324,0.14,
20800180,2008-11-21 21:30:00,Regular Season,,,,1610612740,New Orleans,Hornets,1610612760,Oklahoma City,Thunder,0,1,105,80,,240.0,21,14,6,1,40,81,0.494,8,17,0.471,17,22,0.773,3,32,35,5,26,22,14,0,25,26,34,23,22,,,,48,32,11,0,17,32,50,7,0,1,6,5,103.3,105.0,79.4,80.0,23.9,25.0,0.525,1.5,16.7,0.111,0.739,0.429,0.14,0.543,0.579,101.2,100.0,83.33,100,0.658,32.0,12.0,12.0,14.0,32.0,0.79,0.21,0.61,0.133,0.229,0.162,0.162,0.305,0.476,0.406,0.594,1.0,0.0,0.525,0.475,0.272,0.387,0.408,0.26,0.261
20800180,2008-11-21 21:30:00,Regular Season,,,,1610612760,Oklahoma City,Thunder,1610612740,New Orleans,Hornets,1,0,80,105,,240.0,14,6,1,6,26,71,0.366,3,7,0.429,25,29,0.862,9,39,48,7,22,26,26,1,-25,17,22,18,23,,,,38,0,6,0,14,12,32,12,0,1,1,12,79.4,80.0,103.3,105.0,-23.9,-25.0,0.538,0.54,11.1,0.261,0.889,0.571,0.26,0.387,0.478,101.2,100.0,83.33,100,0.342,12.0,32.0,7.0,17.0,50.0,0.901,0.099,0.575,0.175,0.113,0.175,0.313,0.15,0.4,0.522,0.478,0.667,0.333,0.538,0.462,0.408,0.543,0.272,0.14,0.111
20800165,2008-11-19 20:00:00,Regular Season,,,,1610612760,Oklahoma City,Thunder,1610612746,Los Angeles,Clippers,1,0,88,108,,240.0,16,6,5,9,30,75,0.4,5,10,0.5,23,23,1.0,9,33,42,5,19,19,21,1,-20,26,26,16,20,,,,45,15,7,7,18,15,30,8,7,1,1,11,90.6,89.8,108.3,110.2,-17.7,-20.4,0.533,0.76,12.8,0.244,0.692,0.485,0.214,0.433,0.517,98.4,98.0,81.67,98,0.383,15.0,28.0,22.0,23.0,58.0,0.867,0.133,0.568,0.227,0.17,0.205,0.261,0.17,0.341,0.44,0.56,1.0,0.0,0.533,0.467,0.307,0.5,0.134,0.112,0.308
20800165,2008-11-19 20:00:00,Regular Season,,,,1610612746,Los Angeles,Clippers,1610612760,Oklahoma City,Thunder,0,1,108,88,,240.0,24,14,9,5,46,97,0.474,5,16,0.313,11,13,0.846,14,30,44,7,19,19,11,1,20,20,29,32,27,,,,12,25,12,7,23,28,58,22,7,1,2,9,108.3,110.2,90.6,89.8,17.7,20.4,0.522,2.18,17.4,0.308,0.756,0.515,0.112,0.5,0.526,98.4,98.0,81.67,98,0.617,28.0,15.0,8.0,18.0,30.0,0.835,0.165,0.759,0.222,0.139,0.213,0.102,0.259,0.537,0.488,0.512,0.8,0.2,0.522,0.478,0.134,0.433,0.307,0.214,0.244
20800146,2008-11-17 20:00:00,Regular Season,,,,1610612760,Oklahoma City,Thunder,1610612745,Houston,Rockets,1,0,89,100,,240.0,16,10,4,4,34,84,0.405,3,8,0.375,18,27,0.667,14,25,39,9,18,20,13,1,-11,30,20,19,20,,,,31,4,7,14,21,16,46,11,18,0,1,10,93.8,95.7,107.5,106.4,-13.7,-10.7,0.471,1.23,12.9,0.283,0.643,0.442,0.14,0.423,0.464,94.0,93.5,77.92,93,0.396,16.0,16.0,15.0,12.0,62.0,0.905,0.095,0.697,0.18,0.101,0.236,0.202,0.18,0.517,0.419,0.581,1.0,0.0,0.471,0.529,0.321,0.512,0.193,0.181,0.357
20800146,2008-11-17 20:00:00,Regular Season,,,,1610612745,Houston,Rockets,1610612760,Oklahoma City,Thunder,0,1,100,89,,240.0,18,8,4,4,42,83,0.506,1,8,0.125,15,16,0.938,14,34,48,5,20,18,17,1,11,32,24,25,19,,,,20,19,8,14,12,16,62,15,18,1,7,4,107.5,106.4,93.8,95.7,13.7,10.7,0.429,1.06,14.2,0.357,0.717,0.558,0.181,0.512,0.555,94.0,93.5,77.92,94,0.604,16.0,16.0,11.0,21.0,46.0,0.904,0.096,0.82,0.2,0.03,0.12,0.15,0.16,0.62,0.415,0.585,1.0,0.0,0.429,0.571,0.193,0.423,0.321,0.14,0.283
20800134,2008-11-15 19:00:00,Regular Season,,,,1610612760,Oklahoma City,Thunder,1610612755,Philadelphia,76ers,0,0,85,110,,240.0,20,9,5,6,34,86,0.395,2,7,0.286,15,21,0.714,12,33,45,8,19,13,19,1,-25,22,20,18,25,,,,45,3,7,5,14,12,38,14,8,1,1,9,83.1,85.0,108.8,108.9,-25.6,-23.9,0.588,1.05,14.8,0.286,0.625,0.455,0.19,0.407,0.446,101.7,100.5,83.75,100,0.342,12.0,26.0,21.0,25.0,52.0,0.919,0.081,0.753,0.306,0.071,0.165,0.176,0.141,0.447,0.594,0.406,0.5,0.5,0.588,0.412,0.244,0.5,0.24,0.139,0.375
20800134,2008-11-15 19:00:00,Regular Season,,,,1610612755,Philadelphia,76ers,1610612760,Oklahoma City,Thunder,1,1,110,85,,240.0,31,9,6,5,45,96,0.469,6,14,0.429,14,23,0.609,19,39,58,7,13,19,14,0,25,24,22,33,31,,,,38,27,10,5,25,26,52,21,8,1,5,5,108.8,108.9,83.1,85.0,25.6,23.9,0.689,2.21,20.3,0.375,0.714,0.545,0.139,0.5,0.518,101.7,100.5,83.75,101,0.658,26.0,12.0,14.0,14.0,38.0,0.854,0.146,0.709,0.236,0.164,0.227,0.127,0.236,0.473,0.641,0.359,1.0,0.0,0.689,0.311,0.24,0.407,0.244,0.19,0.286
20800124,2008-11-14 19:30:00,Regular Season,,,,1610612760,Oklahoma City,Thunder,1610612752,New York,Knicks,0,0,106,116,,240.0,23,5,4,2,44,93,0.473,1,7,0.143,17,24,0.708,12,40,52,6,28,22,16,0,-10,20,24,33,29,,,,40,4,7,1,13,14,66,13,3,1,1,8,98.5,96.4,105.8,105.5,-7.3,-9.1,0.523,1.44,15.9,,0.759,,0.145,0.478,0.512,108.6,110.0,91.67,110,0.465,14.0,14.0,18.0,15.0,54.0,0.925,0.075,0.811,0.189,0.028,0.123,0.16,0.132,0.623,0.512,0.488,1.0,0.0,0.523,0.477,0.258,0.489,0.449,0.127,0.241
20800124,2008-11-14 19:30:00,Regular Season,,,,1610612752,New York,Knicks,1610612760,Oklahoma City,Thunder,1,1,116,106,,240.0,23,8,2,4,40,89,0.449,7,27,0.259,29,40,0.725,11,37,48,10,22,28,14,0,10,37,31,25,23,,,,34,30,16,1,15,14,54,18,3,1,6,3,105.8,105.5,98.5,96.4,7.3,9.1,0.575,1.64,15.8,0.241,,,0.127,0.489,0.544,108.6,110.0,91.67,110,0.535,14.0,14.0,13.0,13.0,66.0,0.697,0.303,0.569,0.103,0.181,0.129,0.25,0.121,0.466,0.545,0.455,0.714,0.286,0.575,0.425,0.449,0.478,0.258,0.145,
20800113,2008-11-12 20:00:00,Regular Season,,,,1610612753,Orlando,Magic,1610612760,Oklahoma City,Thunder,0,1,109,92,,240.0,17,8,16,4,41,91,0.451,7,22,0.318,20,27,0.741,9,41,50,6,21,21,8,0,17,39,32,16,22,,,,17,32,9,0,14,14,46,14,0,1,5,3,107.0,106.9,86.9,90.2,20.1,16.7,0.415,2.13,13.3,,0.729,,0.078,0.489,0.53,103.9,102.0,85.0,102,0.636,14.0,7.0,10.0,16.0,38.0,0.758,0.242,0.624,0.202,0.193,0.128,0.183,0.128,0.422,0.294,0.706,1.0,0.0,0.415,0.585,0.297,0.39,0.297,0.127,0.271
20800113,2008-11-12 20:00:00,Regular Season,,,,1610612760,Oklahoma City,Thunder,1610612753,Orlando,Magic,1,0,92,109,,240.0,14,2,4,16,34,91,0.374,3,11,0.273,21,27,0.778,10,40,50,14,21,21,13,0,-17,19,23,29,21,,,,29,0,8,0,16,7,38,10,0,1,1,7,86.9,90.2,107.0,106.9,-20.1,-16.7,0.412,1.08,10.6,0.271,,,0.127,0.39,0.447,103.9,102.0,85.0,102,0.364,7.0,14.0,14.0,14.0,46.0,0.879,0.121,0.674,0.261,0.098,0.174,0.228,0.076,0.413,0.355,0.645,1.0,0.0,0.412,0.588,0.297,0.489,0.297,0.078,
20800093,2008-11-10 19:00:00,Regular Season,,,,1610612760,Oklahoma City,Thunder,1610612754,Indiana,Pacers,0,0,99,107,,240.0,19,5,5,10,36,93,0.387,5,11,0.455,22,26,0.846,19,32,51,9,24,22,18,1,-8,34,17,27,21,,,,29,15,8,12,11,9,32,22,9,1,1,6,95.7,100.0,106.2,107.0,-10.5,-7.0,0.528,1.06,13.5,0.39,0.745,0.547,0.182,0.414,0.474,102.1,99.5,82.92,99,0.403,9.0,19.0,13.0,10.0,44.0,0.882,0.118,0.626,0.303,0.152,0.111,0.222,0.091,0.323,0.484,0.516,0.8,0.2,0.528,0.472,0.28,0.506,0.341,0.11,0.255
20800093,2008-11-10 19:00:00,Regular Season,,,,1610612754,Indiana,Pacers,1610612760,Oklahoma City,Thunder,1,1,107,99,,240.0,21,10,10,5,41,85,0.482,4,14,0.286,21,29,0.724,8,33,41,12,22,24,11,0,8,24,24,30,29,,,,34,8,13,12,10,19,44,13,9,1,3,3,106.2,107.0,95.7,100.0,10.5,7.0,0.512,1.91,15.9,0.255,0.61,0.453,0.11,0.506,0.547,102.1,99.5,82.92,100,0.597,19.0,9.0,22.0,11.0,32.0,0.835,0.165,0.692,0.28,0.112,0.093,0.196,0.178,0.411,0.514,0.486,0.5,0.5,0.512,0.488,0.341,0.414,0.28,0.182,0.39
20800089,2008-11-09 19:00:00,Regular Season,,,,1610612760,Oklahoma City,Thunder,1610612737,Atlanta,Hawks,1,0,85,89,,240.0,16,5,2,9,34,87,0.391,2,8,0.25,15,20,0.75,14,34,48,9,23,21,17,0,-4,14,27,21,23,,,,42,7,7,6,9,8,46,21,11,0,1,5,86.0,89.5,95.2,93.7,-9.1,-4.2,0.471,0.94,12.5,0.309,0.725,0.509,0.179,0.402,0.444,96.2,95.0,79.17,95,0.444,8.0,19.0,8.0,23.0,34.0,0.908,0.092,0.753,0.212,0.071,0.106,0.176,0.094,0.541,0.438,0.563,1.0,0.0,0.471,0.529,0.23,0.417,0.423,0.137,0.275
20800089,2008-11-09 19:00:00,Regular Season,,,,1610612737,Atlanta,Hawks,1610612760,Oklahoma City,Thunder,0,1,89,85,,240.0,13,10,9,2,29,78,0.372,7,17,0.412,24,33,0.727,12,32,44,15,21,23,13,0,4,22,16,20,31,,,,23,11,8,6,23,19,34,8,11,0,5,0,95.2,93.7,86.0,89.5,9.1,4.2,0.448,1.0,10.7,0.275,0.691,0.491,0.137,0.417,0.481,96.2,95.0,79.17,95,0.556,19.0,8.0,21.0,9.0,46.0,0.782,0.218,0.494,0.112,0.236,0.258,0.27,0.213,0.382,0.409,0.591,0.571,0.429,0.448,0.552,0.423,0.402,0.23,0.179,0.309
20800074,2008-11-07 21:00:00,Regular Season,,,,1610612762,Utah,Jazz,1610612760,Oklahoma City,Thunder,1,1,104,97,,240.0,31,7,6,5,36,72,0.5,6,13,0.462,26,36,0.722,11,34,45,8,20,29,19,0,7,29,29,20,26,,,,42,31,21,1,17,14,46,7,0,1,5,0,108.5,106.1,98.8,99.0,9.7,7.1,0.861,1.63,22.1,0.3,0.729,0.534,0.194,0.542,0.592,97.0,98.0,81.67,98,0.63,14.0,15.0,13.0,16.0,38.0,0.819,0.181,0.577,0.135,0.173,0.163,0.25,0.135,0.442,0.833,0.167,1.0,0.0,0.861,0.139,0.5,0.463,0.37,0.143,0.271
20800074,2008-11-07 21:00:00,Regular Season,,,,1610612760,Oklahoma City,Thunder,1610612762,Utah,Jazz,0,0,97,104,,240.0,15,10,5,6,35,81,0.432,5,8,0.625,22,30,0.733,10,26,36,11,29,20,14,0,-7,15,14,34,34,,,,30,8,8,1,16,15,38,13,0,1,1,4,98.8,99.0,108.5,106.1,-9.7,-7.1,0.429,1.07,12.0,0.271,0.7,0.466,0.143,0.463,0.515,97.0,98.0,81.67,98,0.37,15.0,14.0,7.0,17.0,46.0,0.901,0.099,0.619,0.227,0.155,0.165,0.227,0.155,0.392,0.367,0.633,0.8,0.2,0.429,0.571,0.37,0.542,0.5,0.194,0.3
20800059,2008-11-05 20:00:00,Regular Season,,,,1610612760,Oklahoma City,Thunder,1610612738,Boston,Celtics,1,0,83,96,,240.0,15,5,5,5,31,84,0.369,6,13,0.462,15,19,0.789,13,33,46,4,23,19,15,0,-13,29,15,11,28,,,,35,8,6,3,11,8,32,11,5,1,1,3,88.0,90.2,100.9,104.3,-13.0,-14.1,0.484,1.0,12.3,0.268,0.667,0.458,0.163,0.405,0.449,94.7,92.0,76.67,92,0.356,8.0,20.0,14.0,10.0,44.0,0.845,0.155,0.602,0.217,0.217,0.133,0.181,0.096,0.386,0.44,0.56,0.667,0.333,0.484,0.516,0.226,0.476,0.277,0.152,0.333
20800059,2008-11-05 20:00:00,Regular Season,,,,1610612738,Boston,Celtics,1610612760,Oklahoma City,Thunder,0,1,96,83,,240.0,25,10,5,5,36,83,0.434,7,17,0.412,17,23,0.739,12,37,49,11,19,23,14,2,13,21,30,19,26,,,,27,17,9,3,10,20,44,14,5,1,4,1,100.9,104.3,88.0,90.2,13.0,14.1,0.694,1.79,18.7,0.333,0.732,0.542,0.152,0.476,0.515,94.7,92.0,76.67,92,0.644,20.0,8.0,11.0,11.0,32.0,0.795,0.205,0.604,0.146,0.219,0.104,0.177,0.208,0.458,0.655,0.345,0.857,0.143,0.694,0.306,0.277,0.405,0.226,0.163,0.268
20800041,2008-11-02 19:00:00,Regular Season,,,,1610612760,Oklahoma City,Thunder,1610612750,Minnesota,Timberwolves,1,1,88,85,,240.0,15,9,6,4,37,88,0.42,1,3,0.333,13,20,0.65,19,31,50,9,15,19,13,0,3,20,26,24,18,,,,39,3,13,9,20,13,54,25,4,1,1,2,96.9,97.8,95.5,95.5,1.5,2.3,0.405,1.15,11.9,0.382,,,0.144,0.426,0.455,89.9,89.5,74.58,90,0.504,13.0,18.0,11.0,4.0,46.0,0.966,0.034,0.818,0.205,0.034,0.227,0.148,0.148,0.614,0.389,0.611,1.0,0.0,0.405,0.595,0.227,0.448,0.208,0.157,
20800041,2008-11-02 19:00:00,Regular Season,,,,1610612750,Minnesota,Timberwolves,1610612760,Oklahoma City,Thunder,0,0,85,88,,240.0,20,5,4,6,33,77,0.429,3,12,0.25,16,16,1.0,9,29,38,5,19,15,14,0,-3,20,27,26,12,,,,30,12,9,9,4,18,46,11,4,0,1,2,95.5,95.5,96.9,97.8,-1.5,-2.3,0.606,1.43,16.9,,0.618,,0.157,0.448,0.506,89.9,89.5,74.58,89,0.496,18.0,13.0,25.0,20.0,54.0,0.844,0.156,0.706,0.165,0.106,0.047,0.188,0.212,0.541,0.567,0.433,1.0,0.0,0.606,0.394,0.208,0.426,0.227,0.144,0.382
20800035,2008-11-01 20:30:00,Regular Season,,,,1610612745,Houston,Rockets,1610612760,Oklahoma City,Thunder,1,1,89,77,,240.0,18,8,2,8,28,77,0.364,6,21,0.286,27,31,0.871,10,39,49,8,10,23,17,1,12,20,22,23,24,,,,21,16,9,8,7,20,32,14,4,1,3,0,91.2,91.8,76.0,79.4,15.1,12.4,0.643,1.06,14.2,0.255,0.808,0.534,0.175,0.403,0.491,99.5,97.0,80.83,97,0.608,20.0,18.0,12.0,21.0,48.0,0.727,0.273,0.494,0.135,0.202,0.079,0.303,0.225,0.36,0.545,0.455,1.0,0.0,0.643,0.357,0.403,0.4,0.141,0.165,0.192
20800035,2008-11-01 20:30:00,Regular Season,,,,1610612760,Oklahoma City,Thunder,1610612745,Houston,Rockets,0,0,77,89,,240.0,18,9,8,2,34,85,0.4,0,4,0.0,9,12,0.75,5,34,39,11,23,10,16,2,-12,17,24,18,18,,,,18,1,8,8,21,18,48,12,4,1,0,2,76.0,79.4,91.2,91.8,-15.1,-12.4,0.529,1.13,14.5,0.192,0.745,0.466,0.165,0.4,0.426,99.5,97.0,80.83,97,0.392,18.0,20.0,14.0,7.0,32.0,0.953,0.047,0.883,0.26,0.0,0.273,0.117,0.234,0.623,0.529,0.471,0.0,0.0,0.529,0.471,0.141,0.403,0.403,0.175,0.255
20800010,2008-10-29 20:00:00,Regular Season,,,,1610612760,Oklahoma City,Thunder,1610612749,Milwaukee,Bucks,1,0,87,98,,240.0,16,9,3,4,32,73,0.438,1,6,0.167,22,31,0.71,13,22,35,9,23,22,20,1,-11,14,21,24,28,,,,49,0,7,0,17,20,44,21,2,1,0,1,92.9,95.6,104.9,105.4,-12.0,-9.8,0.5,0.8,13.0,0.348,0.558,0.449,0.22,0.445,0.502,93.5,92.0,76.67,91,0.405,20.0,20.0,19.0,8.0,38.0,0.918,0.082,0.713,0.207,0.034,0.195,0.253,0.23,0.506,0.516,0.484,0.0,1.0,0.5,0.5,0.425,0.507,0.342,0.215,0.442
20800010,2008-10-29 20:00:00,Regular Season,,,,1610612749,Milwaukee,Bucks,1610612760,Oklahoma City,Thunder,0,1,98,87,,240.0,17,7,4,3,35,76,0.461,7,18,0.389,21,26,0.808,14,29,43,9,22,23,20,1,11,24,26,29,19,,,,22,24,7,0,8,20,38,19,2,0,1,1,104.9,105.4,92.9,95.6,12.0,9.8,0.486,0.85,13.2,0.442,0.652,0.551,0.215,0.507,0.56,93.5,92.0,76.67,93,0.595,20.0,20.0,21.0,17.0,44.0,0.763,0.237,0.571,0.184,0.214,0.082,0.214,0.204,0.388,0.393,0.607,0.857,0.143,0.486,0.514,0.342,0.445,0.425,0.22,0.348
10800110,2008-10-24 22:30:00,,,,,1610612747,Los Angeles,Lakers,1610612760,Oklahoma City,Thunder,1,1,105,94,,240.0,28,8,5,3,43,78,0.551,5,16,0.313,14,20,0.7,6,40,46,,30,22,23,,11,,,,,,,,,,,,,,,,,,,,101.2,101.9,91.5,92.2,9.6,9.8,0.651,1.22,20.3,0.205,,,0.223,0.583,0.605,103.3,102.5,85.42,103,0.585,22.0,23.0,8.0,8.0,38.0,0.795,0.205,0.724,0.248,0.143,0.105,0.133,0.21,0.476,0.632,0.368,0.8,0.2,0.651,0.349,0.256,0.392,0.481,0.186,
10800110,2008-10-24 22:30:00,,,,,1610612760,Oklahoma City,Thunder,1610612747,Los Angeles,Lakers,0,0,94,105,,240.0,19,11,3,5,30,79,0.38,2,14,0.143,32,38,0.842,12,30,42,,22,30,19,,-11,,,,,,,,,,,,,,,,,,,,91.5,92.2,101.2,101.9,-9.6,-9.8,0.633,1.0,14.3,,0.795,,0.186,0.392,0.491,103.3,102.5,85.42,102,0.415,23.0,22.0,11.0,11.0,50.0,0.823,0.177,0.596,0.191,0.064,0.085,0.34,0.245,0.404,0.643,0.357,0.5,0.5,0.633,0.367,0.481,0.583,0.256,0.223,0.205
10800104,2008-10-23 22:00:00,,,,,1610612760,Oklahoma City,Thunder,1610612756,Phoenix,Suns,0,0,93,102,,240.0,11,14,8,3,35,73,0.479,3,10,0.3,20,30,0.667,9,26,35,,28,21,23,,-9,,,,,,,,,,,,,,,,,,,,92.8,95.9,104.7,105.2,-11.9,-9.3,0.314,0.48,9.2,0.341,0.667,0.506,0.237,0.5,0.539,98.8,97.0,80.83,97,0.405,24.0,25.0,20.0,9.0,38.0,0.863,0.137,0.688,0.215,0.097,0.204,0.215,0.258,0.473,0.313,0.688,0.333,0.667,0.314,0.686,0.411,0.56,0.347,0.237,0.333
10800104,2008-10-23 22:00:00,,,,,1610612756,Phoenix,Suns,1610612760,Oklahoma City,Thunder,1,1,102,93,,240.0,24,8,3,8,38,75,0.507,8,18,0.444,18,26,0.692,12,26,38,,21,28,23,,9,,,,,,,,,,,,,,,,,,,,104.7,105.2,92.8,95.9,11.9,9.3,0.632,1.04,17.8,0.333,0.659,0.494,0.237,0.56,0.59,98.8,97.0,80.83,97,0.595,25.0,24.0,19.0,19.0,44.0,0.76,0.24,0.588,0.216,0.235,0.088,0.176,0.245,0.373,0.567,0.433,0.875,0.125,0.632,0.368,0.347,0.5,0.411,0.237,0.341
10800038,2008-10-11 22:30:00,,,,,1610612744,Golden State,Warriors,1610612760,Oklahoma City,Thunder,1,1,122,102,,240.0,27,14,5,4,48,99,0.485,7,18,0.389,19,24,0.792,15,38,53,,30,24,19,,20,,,,,,,,,,,,,,,,,,,,107.4,110.9,92.0,91.0,15.4,19.9,0.563,1.42,17.4,0.365,0.707,0.545,0.173,0.52,0.557,111.7,110.5,92.08,110,0.631,26.0,26.0,14.0,14.0,44.0,0.818,0.182,0.672,0.213,0.172,0.287,0.156,0.213,0.459,0.488,0.512,1.0,0.0,0.563,0.438,0.242,0.416,0.542,0.207,0.293
10800038,2008-10-11 22:30:00,,,,,1610612760,Oklahoma City,Thunder,1610612744,Golden State,Warriors,0,0,102,122,,240.0,18,13,4,5,32,83,0.386,5,16,0.313,32,45,0.711,16,31,47,,24,30,23,,-20,,,,,,,,,,,,,,,,,,,,92.0,91.0,107.4,110.9,-15.4,-19.9,0.563,0.78,12.4,0.293,0.635,0.455,0.207,0.416,0.491,111.7,110.5,92.08,111,0.369,26.0,26.0,20.0,35.0,56.0,0.807,0.193,0.535,0.099,0.149,0.139,0.317,0.257,0.436,0.481,0.519,1.0,0.0,0.563,0.438,0.542,0.52,0.242,0.173,0.365
10800030,2008-10-10 22:00:00,,,,,1610612758,Sacramento,Kings,1610612760,Oklahoma City,Thunder,1,1,94,85,,240.0,16,6,5,6,32,73,0.438,6,15,0.4,24,34,0.706,9,34,43,,17,28,15,,9,,,,,,,,,,,,,,,,,,,,100.0,100.0,89.2,90.4,10.9,9.6,0.5,1.07,13.1,0.279,0.633,0.485,0.16,0.479,0.534,94.6,94.0,78.33,94,0.624,16.0,15.0,24.0,6.0,34.0,0.795,0.205,0.553,0.255,0.191,0.138,0.255,0.17,0.298,0.5,0.5,0.5,0.5,0.5,0.5,0.466,0.388,0.315,0.138,0.367
10800030,2008-10-10 22:00:00,,,,,1610612760,Oklahoma City,Thunder,1610612758,Sacramento,Kings,0,0,85,94,,240.0,18,8,6,5,33,89,0.371,3,6,0.5,16,28,0.571,19,30,49,,28,17,13,,-9,,,,,,,,,,,,,,,,,,,,89.2,90.4,100.0,100.0,-10.9,-9.6,0.545,1.38,13.6,0.367,0.721,0.515,0.138,0.388,0.419,94.6,94.0,78.33,94,0.376,15.0,16.0,10.0,13.0,28.0,0.933,0.067,0.706,0.306,0.106,0.071,0.188,0.176,0.4,0.5,0.5,1.0,0.0,0.545,0.455,0.315,0.479,0.466,0.16,0.279
10800015,2008-10-08 21:00:00,,,,,1610612760,Oklahoma City,Thunder,1610612750,Minnesota,Timberwolves,0,0,82,88,,240.0,16,9,1,6,30,72,0.417,1,5,0.2,21,29,0.724,10,33,43,,24,26,25,,-6,,,,,,,,,,,,,,,,,,,,82.2,82.8,83.9,88.0,-1.7,-5.2,0.533,0.64,12.8,0.25,0.648,0.469,0.253,0.424,0.484,102.3,99.5,82.92,99,0.489,22.0,23.0,11.0,10.0,36.0,0.931,0.069,0.707,0.317,0.037,0.232,0.256,0.268,0.39,0.517,0.483,1.0,0.0,0.533,0.467,0.403,0.414,0.333,0.25,0.352
10800015,2008-10-08 21:00:00,,,,,1610612750,Minnesota,Timberwolves,1610612760,Oklahoma City,Thunder,1,1,88,82,,240.0,18,12,6,1,30,81,0.37,7,24,0.292,21,27,0.778,13,29,42,,26,24,25,,6,,,,,,,,,,,,,,,,,,,,83.9,88.0,82.2,82.8,1.7,5.2,0.6,0.72,13.2,0.352,0.75,0.531,0.25,0.414,0.474,102.3,99.5,82.92,100,0.511,23.0,22.0,12.0,19.0,32.0,0.704,0.296,0.523,0.114,0.239,0.114,0.239,0.261,0.409,0.522,0.478,0.857,0.143,0.6,0.4,0.333,0.424,0.403,0.253,0.25
20701230,2008-04-16 22:30:00,Regular Season,,,,1610612744,Golden State,Warriors,1610612760,Seattle,SuperSonics,1,0,121,126,,240.0,24,6,6,5,47,110,0.427,15,45,0.333,12,16,0.75,21,29,50,4,16,16,12,0,-5,24,36,20,41,,,,43,6,8,2,38,20,50,23,1,0,48,34,112.0,112.0,119.2,116.7,-7.2,-4.6,0.511,2.0,15.6,,,,0.111,0.495,0.517,106.9,108.0,90.0,108,0.412,20.0,14.0,12.0,29.0,46.0,0.591,0.409,0.529,0.116,0.372,0.314,0.099,0.165,0.413,0.375,0.625,0.8,0.2,0.511,0.489,0.145,0.58,0.234,0.13,
20701230,2008-04-16 22:30:00,Regular Season,,,,1610612760,Seattle,SuperSonics,1610612744,Golden State,Warriors,0,1,126,121,,240.0,32,8,5,6,52,94,0.553,5,10,0.5,17,22,0.773,12,43,55,5,16,16,14,1,5,35,33,27,31,,,,16,17,12,2,29,14,46,12,1,0,20,62,119.2,116.7,112.0,112.0,7.2,4.6,0.615,2.29,21.1,,,,0.13,0.58,0.608,106.9,108.0,90.0,108,0.588,14.0,20.0,23.0,38.0,50.0,0.894,0.106,0.746,0.381,0.119,0.23,0.135,0.111,0.365,0.574,0.426,1.0,0.0,0.615,0.385,0.234,0.495,0.145,0.111,
20701202,2008-04-13 21:00:00,Regular Season,,,,1610612760,Seattle,SuperSonics,1610612742,Dallas,Mavericks,1,1,99,95,,240.0,20,6,6,3,36,88,0.409,0,6,0.0,27,34,0.794,12,34,46,11,18,25,6,0,4,19,31,31,18,,,,19,9,10,9,30,8,48,13,11,0,19,62,102.1,107.6,100.7,102.2,1.4,5.5,0.556,3.33,15.7,0.286,0.685,0.482,0.065,0.409,0.481,95.7,92.5,77.08,92,0.536,8.0,2.0,12.0,8.0,24.0,0.932,0.068,0.727,0.242,0.0,0.303,0.273,0.081,0.485,0.556,0.444,0.0,0.0,0.556,0.444,0.386,0.444,0.213,0.097,0.315
20701202,2008-04-13 21:00:00,Regular Season,,,,1610612742,Dallas,Mavericks,1610612760,Seattle,SuperSonics,0,0,95,99,,240.0,23,3,3,6,36,89,0.404,7,22,0.318,16,19,0.842,12,35,47,11,25,18,9,1,-4,25,26,27,17,,,,17,14,6,9,8,2,24,12,11,0,50,31,100.7,102.2,102.1,107.6,-1.4,-5.5,0.639,2.56,17.6,0.315,0.714,0.518,0.097,0.444,0.488,95.7,92.5,77.08,93,0.464,2.0,8.0,13.0,30.0,48.0,0.753,0.247,0.611,0.358,0.221,0.084,0.168,0.021,0.253,0.552,0.448,1.0,0.0,0.639,0.361,0.213,0.409,0.386,0.065,0.286
20701185,2008-04-11 20:30:00,Regular Season,,,,1610612760,Seattle,SuperSonics,1610612759,San Antonio,Spurs,0,0,74,95,,240.0,13,8,4,7,32,83,0.386,1,2,0.5,9,14,0.643,6,40,46,3,19,10,15,2,-21,20,17,20,17,,,,17,9,10,12,24,10,34,4,7,0,18,62,75.4,75.5,93.5,96.9,-18.1,-21.4,0.406,0.87,11.0,0.13,,,0.153,0.392,0.415,99.9,98.0,81.67,98,0.331,10.0,21.0,6.0,8.0,44.0,0.976,0.024,0.838,0.378,0.041,0.324,0.122,0.135,0.459,0.387,0.613,1.0,0.0,0.406,0.594,0.169,0.483,0.169,0.133,
20701185,2008-04-11 20:30:00,Regular Season,,,,1610612759,San Antonio,Spurs,1610612760,Seattle,SuperSonics,1,1,95,74,,240.0,26,4,7,4,41,89,0.461,4,19,0.211,9,15,0.6,7,46,53,8,10,19,13,2,21,13,32,27,23,,,,35,24,12,12,8,21,44,6,7,0,54,25,93.5,96.9,75.4,75.5,18.1,21.4,0.634,2.0,19.3,,0.87,,0.133,0.483,0.497,99.9,98.0,81.67,98,0.669,21.0,10.0,4.0,24.0,34.0,0.787,0.213,0.779,0.316,0.126,0.084,0.095,0.221,0.463,0.595,0.405,1.0,0.0,0.634,0.366,0.169,0.392,0.169,0.153,0.13
20701171,2008-04-09 20:30:00,Regular Season,,,,1610612760,Seattle,SuperSonics,1610612745,Houston,Rockets,0,0,80,103,,240.0,17,12,3,9,32,88,0.364,2,8,0.25,14,19,0.737,10,25,35,9,12,18,9,1,-23,26,11,22,21,,,,20,5,13,2,22,22,40,10,5,0,18,61,83.9,86.0,113.8,110.8,-29.9,-24.7,0.531,1.89,13.7,0.237,,,0.097,0.375,0.415,92.9,93.0,77.5,93,0.352,22.0,11.0,10.0,8.0,46.0,0.909,0.091,0.75,0.25,0.075,0.275,0.175,0.275,0.5,0.5,0.5,1.0,0.0,0.531,0.469,0.216,0.608,0.23,0.183,
20701171,2008-04-09 20:30:00,Regular Season,,,,1610612745,Houston,Rockets,1610612760,Seattle,SuperSonics,1,1,103,80,,240.0,27,4,9,3,39,74,0.527,12,27,0.444,13,17,0.765,8,39,47,9,18,12,17,0,23,21,25,29,28,,,,48,23,14,2,8,11,46,10,5,0,53,25,113.8,110.8,83.9,86.0,29.9,24.7,0.692,1.59,21.1,,0.763,,0.183,0.608,0.632,92.9,93.0,77.5,93,0.648,11.0,22.0,10.0,22.0,40.0,0.635,0.365,0.524,0.078,0.35,0.078,0.126,0.107,0.447,0.63,0.37,0.833,0.167,0.692,0.308,0.23,0.375,0.216,0.097,0.237
20701160,2008-04-08 20:30:00,Regular Season,,,,1610612760,Seattle,SuperSonics,1610612742,Dallas,Mavericks,0,0,83,99,,240.0,18,5,2,4,32,84,0.381,1,7,0.143,18,22,0.818,10,33,43,7,19,19,8,1,-16,21,23,19,20,,,,13,4,6,8,15,6,30,20,1,0,18,60,90.5,94.3,113.2,111.2,-22.6,-16.9,0.563,2.25,15.1,0.245,0.85,0.505,0.091,0.387,0.443,89.6,88.5,73.75,88,0.373,6.0,13.0,9.0,19.0,46.0,0.917,0.083,0.747,0.386,0.036,0.181,0.217,0.072,0.361,0.548,0.452,1.0,0.0,0.563,0.438,0.262,0.552,0.221,0.079,0.15
20701160,2008-04-08 20:30:00,Regular Season,,,,1610612742,Dallas,Mavericks,1610612760,Seattle,SuperSonics,1,1,99,83,,240.0,27,2,4,2,39,77,0.506,7,16,0.438,14,17,0.824,4,39,43,4,19,19,7,0,16,23,23,24,29,,,,33,20,11,8,19,13,46,9,1,0,49,29,113.2,111.2,90.5,94.3,22.6,16.9,0.692,3.86,22.1,0.15,0.755,0.495,0.079,0.552,0.586,89.6,88.5,73.75,89,0.627,13.0,6.0,20.0,15.0,30.0,0.792,0.208,0.646,0.182,0.212,0.192,0.141,0.131,0.465,0.656,0.344,0.857,0.143,0.692,0.308,0.221,0.387,0.262,0.091,0.245
20701151,2008-04-06 21:00:00,Regular Season,,,,1610612743,Denver,Nuggets,1610612760,Seattle,SuperSonics,0,0,147,151,,290.0,33,9,8,2,54,107,0.505,12,30,0.4,27,39,0.692,8,36,44,15,26,27,14,0,-4,36,28,31,31,9,12,21,38,7,9,19,21,22,60,13,23,0,46,31,112.9,114.8,115.0,117.1,-2.0,-2.2,0.611,2.36,19.2,0.211,0.696,0.451,0.109,0.561,0.592,108.2,106.34,88.62,128,0.479,22.0,16.0,20.0,21.0,62.0,0.72,0.28,0.571,0.163,0.245,0.143,0.184,0.15,0.408,0.548,0.452,0.833,0.167,0.611,0.389,0.364,0.543,0.241,0.116,0.304
20701151,2008-04-06 21:00:00,Regular Season,,,,1610612760,Seattle,SuperSonics,1610612743,Denver,Nuggets,1,1,151,147,,290.0,35,6,2,8,61,116,0.526,4,11,0.364,25,28,0.893,12,40,52,12,27,26,15,0,4,31,39,29,27,9,16,25,38,11,7,19,21,16,62,20,23,0,18,59,115.0,117.1,112.9,114.8,2.0,2.2,0.574,2.33,19.3,0.304,0.789,0.549,0.116,0.543,0.588,108.2,106.34,88.62,129,0.521,16.0,22.0,13.0,21.0,60.0,0.905,0.095,0.755,0.344,0.079,0.139,0.166,0.106,0.411,0.544,0.456,1.0,0.0,0.574,0.426,0.241,0.561,0.364,0.109,0.211
20801228,2009-04-15 22:30:00,Regular Season,,,,1610612746,Los Angeles,Clippers,1610612760,Oklahoma City,Thunder,1,0,85,126,,240.0,16,7,6,4,35,80,0.438,5,19,0.263,10,14,0.714,5,27,32,9,23,15,22,0,-41,21,18,24,22,,,,26,0,6,0,4,13,42,9,2,1,19,63,82.4,82.5,121.1,121.2,-38.7,-38.6,0.457,0.73,12.8,0.149,0.689,0.413,0.214,0.469,0.493,103.6,103.5,86.25,103,0.238,13.0,23.0,17.0,19.0,62.0,0.763,0.238,0.706,0.212,0.176,0.047,0.118,0.153,0.494,0.467,0.533,0.4,0.6,0.457,0.543,0.175,0.562,0.36,0.125,0.311
20801228,2009-04-15 22:30:00,Regular Season,,,,1610612760,Oklahoma City,Thunder,1610612746,Los Angeles,Clippers,0,1,126,85,,240.0,36,17,4,6,48,89,0.539,4,12,0.333,26,32,0.813,12,37,49,6,15,23,13,0,41,28,32,32,34,,,,57,41,8,0,19,23,62,17,2,1,23,59,121.1,121.2,82.4,82.5,38.7,38.6,0.75,2.77,23.5,0.311,0.851,0.587,0.125,0.562,0.611,103.6,103.5,86.25,104,0.762,23.0,13.0,9.0,4.0,42.0,0.865,0.135,0.698,0.206,0.095,0.151,0.206,0.183,0.492,0.727,0.273,1.0,0.0,0.75,0.25,0.36,0.469,0.175,0.214,0.149
20801212,2009-04-13 22:00:00,Regular Season,,,,1610612757,Portland,Trail Blazers,1610612760,Oklahoma City,Thunder,1,1,113,83,,240.0,21,5,5,8,45,88,0.511,6,15,0.4,17,21,0.81,12,42,54,6,16,17,11,0,30,29,33,23,28,,,,55,35,10,1,15,12,54,15,1,1,53,28,117.4,120.2,88.9,87.4,28.5,32.8,0.467,1.91,16.2,0.333,0.827,0.598,0.117,0.545,0.581,94.8,94.5,78.75,94,0.636,12.0,12.0,10.0,15.0,36.0,0.83,0.17,0.69,0.212,0.159,0.133,0.15,0.106,0.478,0.436,0.564,0.667,0.333,0.467,0.533,0.239,0.415,0.232,0.116,0.173
20801212,2009-04-13 22:00:00,Regular Season,,,,1610612760,Oklahoma City,Thunder,1610612757,Portland,Trail Blazers,0,0,83,113,,240.0,19,9,8,5,33,82,0.402,2,12,0.167,15,19,0.789,8,28,36,4,17,16,11,0,-30,15,16,24,28,,,,37,2,5,1,15,12,36,10,1,1,22,59,88.9,87.4,117.4,120.2,-28.5,-32.8,0.576,1.73,15.6,0.173,0.667,0.402,0.116,0.415,0.459,94.8,94.5,78.75,95,0.364,12.0,12.0,15.0,15.0,54.0,0.854,0.146,0.747,0.313,0.072,0.181,0.181,0.145,0.434,0.613,0.387,0.0,1.0,0.576,0.424,0.232,0.545,0.239,0.117,0.333
20801193,2009-04-11 20:30:00,Regular Season,,,,1610612749,Milwaukee,Bucks,1610612760,Oklahoma City,Thunder,1,1,115,98,,240.0,31,7,6,0,43,82,0.524,9,22,0.409,20,26,0.769,9,32,41,6,17,19,11,0,17,22,34,37,22,,,,36,24,9,8,14,18,40,12,4,1,33,47,120.5,117.3,99.9,99.0,20.6,18.4,0.721,2.82,22.5,,0.686,,0.112,0.579,0.615,96.8,98.5,82.08,98,0.619,18.0,7.0,16.0,8.0,34.0,0.732,0.268,0.591,0.243,0.235,0.122,0.174,0.157,0.348,0.676,0.324,0.889,0.111,0.721,0.279,0.317,0.465,0.271,0.162,0.314
20801193,2009-04-11 20:30:00,Regular Season,,,,1610612760,Oklahoma City,Thunder,1610612749,Milwaukee,Bucks,0,0,98,115,,240.0,22,4,0,6,36,85,0.424,7,14,0.5,19,23,0.826,13,31,44,7,19,17,16,0,-17,24,27,21,26,,,,39,5,9,8,8,7,34,16,4,1,22,58,99.9,99.0,120.5,117.3,-20.6,-18.4,0.611,1.38,16.3,0.314,,,0.162,0.465,0.515,96.8,98.5,82.08,99,0.381,7.0,18.0,12.0,14.0,40.0,0.835,0.165,0.592,0.245,0.214,0.082,0.194,0.071,0.347,0.517,0.483,1.0,0.0,0.611,0.389,0.271,0.579,0.317,0.112,
20801182,2009-04-10 20:00:00,Regular Season,,,,1610612766,Charlotte,Bobcats,1610612760,Oklahoma City,Thunder,0,0,81,84,,240.0,16,13,3,10,29,87,0.333,7,26,0.269,16,21,0.762,12,27,39,12,15,18,15,1,-3,17,20,24,20,,,,26,2,8,7,21,32,38,10,3,0,35,44,81.6,86.2,87.8,90.3,-6.1,-4.2,0.552,1.07,12.5,0.295,0.674,0.458,0.16,0.374,0.421,97.5,93.5,77.92,94,0.419,32.0,16.0,11.0,18.0,44.0,0.701,0.299,0.543,0.074,0.259,0.259,0.198,0.395,0.469,0.409,0.591,1.0,0.0,0.552,0.448,0.241,0.475,0.165,0.258,0.326
20801182,2009-04-10 20:00:00,Regular Season,,,,1610612760,Oklahoma City,Thunder,1610612766,Charlotte,Bobcats,1,1,84,81,,240.0,17,10,10,3,37,79,0.468,1,10,0.1,9,13,0.692,13,37,50,8,18,15,24,0,3,27,21,16,20,,,,22,14,10,7,18,16,44,11,3,0,22,57,87.8,90.3,81.6,86.2,6.1,4.2,0.459,0.71,13.6,0.326,0.705,0.542,0.258,0.475,0.496,97.5,93.5,77.92,93,0.581,16.0,32.0,10.0,21.0,38.0,0.873,0.127,0.857,0.333,0.036,0.214,0.107,0.19,0.524,0.444,0.556,1.0,0.0,0.459,0.541,0.165,0.374,0.241,0.16,0.295
20801170,2009-04-08 21:00:00,Regular Season,,,,1610612743,Denver,Nuggets,1610612760,Oklahoma City,Thunder,1,1,122,112,,240.0,26,11,13,6,43,80,0.538,6,17,0.353,30,36,0.833,10,30,40,6,22,27,12,0,10,27,26,36,33,,,,46,12,9,13,23,28,56,10,10,1,53,26,124.7,123.2,109.0,114.3,15.7,8.9,0.605,2.17,19.1,0.282,0.633,0.477,0.121,0.575,0.636,100.3,98.5,82.08,99,0.58,28.0,11.0,13.0,11.0,50.0,0.788,0.213,0.607,0.148,0.148,0.189,0.246,0.23,0.459,0.541,0.459,1.0,0.0,0.605,0.395,0.45,0.5,0.333,0.163,0.367
20801170,2009-04-08 21:00:00,Regular Season,,,,1610612760,Oklahoma City,Thunder,1610612743,Denver,Nuggets,0,0,112,122,,240.0,25,9,6,13,41,87,0.471,5,12,0.417,25,29,0.862,13,27,40,7,27,22,16,1,-10,29,27,28,28,,,,22,7,9,13,11,11,50,13,10,1,21,57,109.0,114.3,124.7,123.2,-15.7,-8.9,0.61,1.56,17.7,0.367,0.718,0.523,0.163,0.5,0.561,100.3,98.5,82.08,98,0.42,11.0,28.0,10.0,23.0,56.0,0.862,0.138,0.643,0.196,0.134,0.098,0.223,0.098,0.446,0.583,0.417,0.8,0.2,0.61,0.39,0.333,0.575,0.45,0.121,0.282
20801157,2009-04-07 20:00:00,Regular Season,,,,1610612760,Oklahoma City,Thunder,1610612759,San Antonio,Spurs,1,0,89,99,,240.0,18,6,3,7,34,75,0.453,6,9,0.667,15,21,0.714,9,33,42,7,18,13,11,0,-10,32,18,22,17,,,,18,9,6,16,8,12,28,13,6,0,21,56,103.2,100.0,109.7,111.2,-6.5,-11.2,0.529,1.64,15.5,,0.729,,0.124,0.493,0.528,88.2,89.0,74.17,89,0.455,12.0,17.0,13.0,3.0,42.0,0.88,0.12,0.629,0.315,0.202,0.09,0.169,0.135,0.315,0.429,0.571,1.0,0.0,0.529,0.471,0.28,0.512,0.256,0.112,0.271
20801157,2009-04-07 20:00:00,Regular Season,,,,1610612759,San Antonio,Spurs,1610612760,Oklahoma City,Thunder,0,1,99,89,,240.0,16,7,7,3,39,82,0.476,6,15,0.4,15,21,0.714,11,32,43,4,13,18,10,1,10,25,26,24,24,,,,31,12,8,16,3,17,42,13,6,1,50,27,109.7,111.2,103.2,100.0,6.5,11.2,0.41,1.6,13.6,0.271,,,0.112,0.512,0.543,88.2,89.0,74.17,89,0.545,17.0,12.0,13.0,8.0,28.0,0.817,0.183,0.667,0.242,0.182,0.03,0.152,0.172,0.424,0.303,0.697,1.0,0.0,0.41,0.59,0.256,0.493,0.28,0.124,
20801149,2009-04-05 19:00:00,Regular Season,,,,1610612754,Indiana,Pacers,1610612760,Oklahoma City,Thunder,0,1,117,99,,240.0,17,9,3,5,44,88,0.5,8,20,0.4,21,25,0.84,7,39,46,3,18,19,15,0,18,31,26,33,27,,,,27,27,9,1,13,21,40,7,2,1,33,44,109.3,109.3,93.9,93.4,15.5,15.9,0.386,1.13,13.0,,,,0.14,0.545,0.591,106.2,106.5,88.75,107,0.571,21.0,15.0,12.0,15.0,48.0,0.773,0.227,0.615,0.274,0.205,0.111,0.179,0.179,0.342,0.25,0.75,1.0,0.0,0.386,0.614,0.284,0.445,0.286,0.142,
20801149,2009-04-05 19:00:00,Regular Season,,,,1610612760,Oklahoma City,Thunder,1610612754,Indiana,Pacers,1,0,99,117,,240.0,22,11,5,3,40,91,0.44,1,8,0.125,18,26,0.692,12,32,44,14,19,18,15,1,-18,19,29,19,32,,,,47,1,6,1,15,15,48,12,2,1,21,55,93.9,93.4,109.3,109.3,-15.5,-15.9,0.55,1.47,15.7,,,,0.142,0.445,0.483,106.2,106.5,88.75,106,0.429,15.0,21.0,7.0,13.0,40.0,0.912,0.088,0.788,0.303,0.03,0.152,0.182,0.152,0.485,0.538,0.462,1.0,0.0,0.55,0.45,0.286,0.545,0.284,0.14,
20801129,2009-04-03 20:00:00,Regular Season,,,,1610612760,Oklahoma City,Thunder,1610612757,Portland,Trail Blazers,1,0,72,107,,240.0,16,5,6,4,27,74,0.365,2,11,0.182,16,20,0.8,9,23,32,8,15,19,12,0,-35,14,21,15,22,,,,33,2,6,1,8,13,26,6,1,0,21,54,83.9,83.7,119.9,123.0,-36.0,-39.3,0.593,1.33,14.4,,0.538,,0.14,0.378,0.435,87.5,86.5,72.08,86,0.31,13.0,14.0,24.0,10.0,46.0,0.851,0.149,0.694,0.333,0.083,0.111,0.222,0.181,0.361,0.6,0.4,0.5,0.5,0.593,0.407,0.27,0.511,0.231,0.115,0.462
20801129,2009-04-03 20:00:00,Regular Season,,,,1610612757,Portland,Trail Blazers,1610612760,Oklahoma City,Thunder,0,1,107,72,,240.0,22,8,4,6,43,91,0.473,7,16,0.438,14,21,0.667,21,36,57,9,19,15,10,0,35,25,22,29,31,,,,33,35,12,1,10,14,46,24,1,1,48,27,119.9,123.0,83.9,83.7,36.0,39.3,0.512,2.2,16.5,0.462,,,0.115,0.511,0.534,87.5,86.5,72.08,87,0.69,14.0,13.0,6.0,8.0,26.0,0.824,0.176,0.673,0.243,0.196,0.093,0.131,0.131,0.43,0.444,0.556,0.857,0.143,0.512,0.488,0.231,0.378,0.27,0.14,
20801109,2009-03-31 20:30:00,Regular Season,,,,1610612759,San Antonio,Spurs,1610612760,Oklahoma City,Thunder,1,0,95,96,,240.0,19,5,2,1,38,80,0.475,8,25,0.32,11,16,0.688,12,28,40,7,17,15,11,0,-1,32,16,27,20,,,,23,8,11,10,9,15,50,10,3,1,48,26,110.4,109.2,108.4,110.3,2.0,-1.1,0.5,1.73,16.1,0.289,0.744,0.511,0.126,0.525,0.546,87.3,87.0,72.5,87,0.48,15.0,14.0,14.0,10.0,26.0,0.688,0.313,0.632,0.105,0.253,0.095,0.116,0.158,0.526,0.4,0.6,0.875,0.125,0.5,0.5,0.2,0.527,0.32,0.126,0.256
20801109,2009-03-31 20:30:00,Regular Season,,,,1610612760,Oklahoma City,Thunder,1610612759,San Antonio,Spurs,0,1,96,95,,240.0,21,7,1,2,37,75,0.493,5,8,0.625,17,24,0.708,8,28,36,9,15,17,11,2,1,29,25,27,15,,,,15,17,10,10,10,14,26,14,3,1,21,53,108.4,110.3,110.4,109.2,-2.0,1.1,0.568,1.91,17.8,0.256,0.711,0.489,0.126,0.527,0.561,87.3,87.0,72.5,87,0.52,14.0,15.0,10.0,9.0,50.0,0.893,0.107,0.667,0.396,0.156,0.104,0.177,0.146,0.271,0.5,0.5,1.0,0.0,0.568,0.432,0.32,0.525,0.2,0.126,0.289
20801096,2009-03-29 19:00:00,Regular Season,,,,1610612760,Oklahoma City,Thunder,1610612738,Boston,Celtics,0,0,84,103,,240.0,18,6,8,5,30,83,0.361,1,5,0.2,23,28,0.821,11,25,36,15,18,22,12,1,-19,25,20,23,16,,,,10,8,9,17,15,16,34,14,9,0,20,53,87.2,92.3,112.5,113.2,-25.3,-20.9,0.6,1.5,14.3,0.345,0.617,0.471,0.132,0.367,0.441,93.9,91.0,75.83,91,0.362,16.0,12.0,20.0,13.0,34.0,0.94,0.06,0.69,0.286,0.036,0.179,0.274,0.19,0.405,0.621,0.379,0.0,1.0,0.6,0.4,0.337,0.518,0.289,0.143,0.383
20801096,2009-03-29 19:00:00,Regular Season,,,,1610612738,Boston,Celtics,1610612760,Oklahoma City,Thunder,1,1,103,84,,240.0,29,7,5,8,39,83,0.47,8,23,0.348,17,24,0.708,15,33,48,10,22,18,13,1,19,20,25,26,32,,,,34,19,7,17,13,12,34,20,9,1,56,19,112.5,113.2,87.2,92.3,25.3,20.9,0.744,2.23,21.2,0.383,0.655,0.529,0.143,0.518,0.55,93.9,91.0,75.83,91,0.638,12.0,16.0,14.0,15.0,34.0,0.723,0.277,0.602,0.272,0.233,0.126,0.165,0.117,0.33,0.71,0.29,0.875,0.125,0.744,0.256,0.289,0.367,0.337,0.132,0.345
20801075,2009-03-27 19:00:00,Regular Season,,,,1610612760,Oklahoma City,Thunder,1610612761,Toronto,Raptors,0,0,96,112,,240.0,21,5,6,9,35,84,0.417,3,13,0.231,23,29,0.793,8,29,37,7,14,19,11,0,-16,18,22,25,31,,,,42,5,9,1,18,21,32,10,1,1,20,52,96.2,98.0,112.0,113.1,-15.8,-15.2,0.6,1.91,16.4,0.189,0.667,0.416,0.112,0.435,0.496,99.9,98.5,82.08,98,0.384,21.0,20.0,15.0,14.0,40.0,0.845,0.155,0.667,0.333,0.094,0.188,0.24,0.219,0.333,0.563,0.438,1.0,0.0,0.6,0.4,0.345,0.547,0.095,0.141,0.333
20801075,2009-03-27 19:00:00,Regular Season,,,,1610612761,Toronto,Raptors,1610612760,Oklahoma City,Thunder,1,1,112,96,,240.0,36,6,9,6,48,95,0.505,8,18,0.444,8,9,0.889,13,41,54,5,19,14,14,1,16,28,23,33,28,,,,38,25,10,1,14,20,40,15,1,1,27,45,112.0,113.1,96.2,98.0,15.8,15.2,0.75,2.57,24.0,0.333,0.811,0.584,0.141,0.547,0.566,99.9,98.5,82.08,99,0.616,20.0,21.0,10.0,18.0,32.0,0.811,0.189,0.714,0.357,0.214,0.125,0.071,0.179,0.357,0.7,0.3,1.0,0.0,0.75,0.25,0.095,0.435,0.345,0.112,0.189
20801056,2009-03-24 20:00:00,Regular Season,,,,1610612747,Los Angeles,Lakers,1610612760,Oklahoma City,Thunder,0,1,107,89,,240.0,24,10,4,4,43,86,0.5,5,13,0.385,16,17,0.941,9,32,41,5,17,17,13,0,18,37,25,28,17,,,,39,24,11,0,14,24,54,14,0,1,56,14,109.8,108.1,89.7,89.0,20.1,19.1,0.558,1.85,18.2,,0.74,,0.131,0.529,0.572,98.4,99.5,82.92,99,0.58,24.0,11.0,13.0,14.0,38.0,0.849,0.151,0.71,0.206,0.14,0.131,0.15,0.224,0.505,0.5,0.5,1.0,0.0,0.558,0.442,0.198,0.433,0.256,0.19,0.26
20801056,2009-03-24 20:00:00,Regular Season,,,,1610612760,Oklahoma City,Thunder,1610612747,Los Angeles,Lakers,1,0,89,107,,240.0,26,7,4,4,34,82,0.415,3,18,0.167,18,21,0.857,11,34,45,4,17,17,19,1,-18,20,18,34,17,,,,22,0,6,0,14,11,38,13,0,1,20,51,89.7,89.0,109.8,108.1,-20.1,-19.1,0.765,1.37,18.7,0.26,,,0.19,0.433,0.488,98.4,99.5,82.92,100,0.42,11.0,24.0,14.0,14.0,54.0,0.78,0.22,0.697,0.27,0.101,0.157,0.202,0.124,0.427,0.742,0.258,1.0,0.0,0.765,0.235,0.256,0.529,0.198,0.131,
20801043,2009-03-22 15:30:00,Regular Season,,,,1610612760,Oklahoma City,Thunder,1610612750,Minnesota,Timberwolves,0,1,97,90,,240.0,22,10,3,1,37,83,0.446,4,11,0.364,19,27,0.704,12,34,46,8,19,21,10,1,7,26,31,27,13,,,,26,32,11,1,14,20,40,10,0,0,20,50,104.4,104.3,97.7,96.8,6.7,7.5,0.595,2.2,17.1,0.3,0.7,0.5,0.108,0.47,0.511,92.5,93.0,77.5,93,0.585,20.0,12.0,13.0,14.0,36.0,0.867,0.133,0.68,0.268,0.124,0.144,0.196,0.206,0.412,0.576,0.424,0.75,0.25,0.595,0.405,0.325,0.475,0.291,0.172,0.3
20801043,2009-03-22 15:30:00,Regular Season,,,,1610612750,Minnesota,Timberwolves,1610612760,Oklahoma City,Thunder,1,0,90,97,,240.0,18,4,1,3,34,79,0.43,7,19,0.368,15,23,0.652,13,33,46,7,21,19,16,0,-7,16,23,14,37,,,,55,1,12,1,14,12,36,13,0,1,20,50,97.7,96.8,104.4,104.3,-6.7,-7.5,0.529,1.13,14.5,0.3,0.7,0.5,0.172,0.475,0.505,92.5,93.0,77.5,93,0.415,12.0,20.0,10.0,14.0,40.0,0.759,0.241,0.6,0.2,0.233,0.156,0.167,0.133,0.4,0.407,0.593,1.0,0.0,0.529,0.471,0.291,0.47,0.325,0.108,0.3
20801029,2009-03-20 20:00:00,Regular Season,,,,1610612762,Utah,Jazz,1610612760,Oklahoma City,Thunder,0,1,101,94,,240.0,24,8,3,3,41,84,0.488,1,7,0.143,18,26,0.692,11,30,41,9,13,28,10,0,7,23,26,28,24,,,,31,15,6,9,20,23,56,10,3,0,43,26,106.9,105.2,96.7,97.9,10.2,7.3,0.585,2.4,18.2,0.255,0.667,0.469,0.104,0.494,0.529,95.8,96.0,80.0,96,0.587,23.0,13.0,10.0,13.0,46.0,0.917,0.083,0.792,0.238,0.03,0.198,0.178,0.228,0.554,0.575,0.425,1.0,0.0,0.585,0.415,0.31,0.477,0.161,0.188,0.333
20801029,2009-03-20 20:00:00,Regular Season,,,,1610612760,Oklahoma City,Thunder,1610612762,Utah,Jazz,1,0,94,101,,240.0,25,5,3,3,39,87,0.448,5,16,0.313,11,14,0.786,14,32,46,6,28,13,18,1,-7,24,16,26,28,,,,19,4,6,9,13,13,46,10,3,0,19,50,96.7,97.9,106.9,105.2,-10.2,-7.3,0.641,1.39,18.1,0.333,0.745,0.531,0.188,0.477,0.505,95.8,96.0,80.0,96,0.413,13.0,23.0,10.0,20.0,56.0,0.816,0.184,0.723,0.234,0.16,0.138,0.117,0.138,0.489,0.588,0.412,1.0,0.0,0.641,0.359,0.161,0.494,0.31,0.104,0.255
20801016,2009-03-18 20:00:00,Regular Season,,,,1610612741,Chicago,Bulls,1610612760,Oklahoma City,Thunder,0,1,103,96,,240.0,12,8,4,9,42,80,0.525,3,10,0.3,16,21,0.762,14,30,44,11,20,19,22,2,7,22,29,29,23,,,,24,9,6,6,9,12,42,16,2,0,32,37,105.9,112.0,103.0,103.2,3.0,8.7,0.286,0.55,9.7,0.5,0.681,0.598,0.239,0.544,0.577,95.2,92.5,77.08,92,0.535,12.0,30.0,20.0,22.0,48.0,0.875,0.125,0.757,0.35,0.087,0.087,0.155,0.117,0.408,0.256,0.744,0.667,0.333,0.286,0.714,0.263,0.488,0.256,0.161,0.319
20801016,2009-03-18 20:00:00,Regular Season,,,,1610612760,Oklahoma City,Thunder,1610612741,Chicago,Bulls,1,0,96,103,,240.0,13,11,9,4,39,82,0.476,2,11,0.182,16,21,0.762,13,18,31,5,19,20,15,0,-7,29,27,19,21,,,,22,8,7,6,22,30,48,20,2,0,19,49,103.0,103.2,105.9,112.0,-3.0,-8.7,0.333,0.87,10.8,0.319,0.5,0.402,0.161,0.488,0.526,95.2,92.5,77.08,93,0.465,30.0,12.0,16.0,9.0,42.0,0.866,0.134,0.771,0.271,0.063,0.229,0.167,0.313,0.5,0.297,0.703,1.0,0.0,0.333,0.667,0.256,0.544,0.263,0.239,0.5
20800999,2009-03-16 20:00:00,Regular Season,,,,1610612759,San Antonio,Spurs,1610612760,Oklahoma City,Thunder,0,0,76,78,,240.0,15,6,3,4,33,79,0.418,3,19,0.158,7,12,0.583,7,39,46,9,14,11,16,1,-2,29,13,21,13,,,,13,17,8,1,6,14,26,4,5,0,44,22,81.5,82.6,84.6,84.8,-3.1,-2.2,0.455,0.94,13.0,0.17,0.782,0.5,0.174,0.437,0.451,92.8,92.0,76.67,92,0.492,14.0,21.0,7.0,15.0,30.0,0.759,0.241,0.789,0.447,0.118,0.079,0.092,0.184,0.342,0.4,0.6,1.0,0.0,0.455,0.545,0.152,0.377,0.259,0.13,0.218
20800999,2009-03-16 20:00:00,Regular Season,,,,1610612760,Oklahoma City,Thunder,1610612759,San Antonio,Spurs,1,1,78,76,,240.0,13,10,4,3,29,81,0.358,3,7,0.429,17,21,0.81,10,33,43,9,11,14,12,1,2,14,24,23,17,,,,18,4,9,1,15,21,30,7,5,0,19,48,84.6,84.8,81.5,82.6,3.1,2.2,0.448,1.08,11.1,0.218,0.83,0.5,0.13,0.377,0.432,92.8,92.0,76.67,92,0.508,21.0,14.0,4.0,6.0,26.0,0.914,0.086,0.667,0.282,0.115,0.192,0.218,0.269,0.385,0.385,0.615,1.0,0.0,0.448,0.552,0.259,0.437,0.152,0.174,0.17
20800984,2009-03-14 22:00:00,Regular Season,,,,1610612760,Oklahoma City,Thunder,1610612756,Phoenix,Suns,0,0,95,106,,240.0,18,8,3,4,37,80,0.463,3,12,0.25,18,20,0.9,12,26,38,7,24,19,22,1,-11,27,25,20,23,,,,13,13,8,7,10,10,38,17,8,0,18,48,96.2,100.0,114.8,110.4,-18.7,-10.4,0.486,0.82,14.1,0.372,0.614,0.494,0.232,0.481,0.535,95.6,95.5,79.58,95,0.425,10.0,24.0,21.0,17.0,42.0,0.85,0.15,0.716,0.316,0.095,0.105,0.189,0.105,0.4,0.441,0.559,1.0,0.0,0.486,0.514,0.25,0.538,0.35,0.167,0.386
20800984,2009-03-14 22:00:00,Regular Season,,,,1610612756,Phoenix,Suns,1610612760,Oklahoma City,Thunder,1,1,106,95,,240.0,19,10,4,3,39,80,0.488,8,20,0.4,20,28,0.714,16,25,41,8,19,24,16,0,11,18,28,26,34,,,,44,13,8,7,17,24,42,21,8,1,35,31,114.8,110.4,96.2,100.0,18.7,10.4,0.487,1.19,14.5,0.386,0.628,0.506,0.167,0.538,0.574,95.6,95.5,79.58,96,0.575,24.0,10.0,17.0,10.0,38.0,0.75,0.25,0.585,0.189,0.226,0.16,0.189,0.226,0.396,0.419,0.581,0.75,0.25,0.487,0.513,0.35,0.481,0.25,0.232,0.372
20800963,2009-03-11 21:00:00,Regular Season,,,,1610612760,Oklahoma City,Thunder,1610612743,Denver,Nuggets,0,0,99,112,,240.0,13,8,7,10,33,82,0.402,3,13,0.231,30,32,0.938,18,25,43,6,22,21,16,0,-13,19,25,26,29,,,,38,0,7,0,15,17,48,18,0,1,18,47,105.2,104.2,115.9,120.4,-10.7,-16.2,0.394,0.81,10.2,0.42,0.587,0.5,0.168,0.421,0.515,95.4,94.0,78.33,95,0.381,17.0,15.0,18.0,25.0,60.0,0.841,0.159,0.606,0.121,0.091,0.152,0.303,0.172,0.485,0.367,0.633,0.667,0.333,0.394,0.606,0.39,0.53,0.369,0.151,0.413
20800963,2009-03-11 21:00:00,Regular Season,,,,1610612743,Denver,Nuggets,1610612760,Oklahoma City,Thunder,1,1,112,99,,240.0,33,11,10,7,42,84,0.5,5,14,0.357,23,31,0.742,15,28,43,9,21,22,14,0,13,31,22,30,29,,,,36,19,8,0,25,15,60,18,0,1,41,25,115.9,120.4,105.2,104.2,10.7,16.2,0.786,2.36,22.8,0.413,0.58,0.5,0.151,0.53,0.574,95.4,94.0,78.33,93,0.619,15.0,17.0,18.0,15.0,48.0,0.833,0.167,0.661,0.125,0.134,0.223,0.205,0.134,0.536,0.757,0.243,1.0,0.0,0.786,0.214,0.369,0.421,0.39,0.168,0.42
20800953,2009-03-10 22:00:00,Regular Season,,,,1610612760,Oklahoma City,Thunder,1610612758,Sacramento,Kings,0,1,99,98,,240.0,15,11,3,4,37,83,0.446,3,12,0.25,22,23,0.957,14,30,44,8,17,22,24,1,1,27,28,29,15,,,,22,10,10,18,22,22,36,14,13,0,18,46,96.0,99.0,97.8,99.0,-1.8,0.0,0.405,0.63,11.5,0.413,0.727,0.567,0.24,0.464,0.532,101.6,99.5,82.92,100,0.507,22.0,21.0,7.0,10.0,46.0,0.855,0.145,0.687,0.323,0.091,0.222,0.222,0.222,0.364,0.382,0.618,0.667,0.333,0.405,0.595,0.277,0.524,0.169,0.222,0.273
20800953,2009-03-10 22:00:00,Regular Season,,,,1610612758,Sacramento,Kings,1610612760,Oklahoma City,Thunder,1,0,98,99,,240.0,23,10,4,3,40,83,0.482,7,21,0.333,11,14,0.786,11,25,36,5,22,17,22,0,-1,26,29,21,22,,,,37,2,10,18,10,21,46,7,13,0,14,50,97.8,99.0,96.0,99.0,1.8,0.0,0.575,1.05,17.2,0.273,0.587,0.433,0.222,0.524,0.55,101.6,99.5,82.92,99,0.493,21.0,22.0,14.0,22.0,36.0,0.747,0.253,0.673,0.204,0.214,0.102,0.112,0.214,0.469,0.515,0.485,0.857,0.143,0.575,0.425,0.169,0.464,0.277,0.24,0.413
20800941,2009-03-08 19:00:00,Regular Season,,,,1610612755,Philadelphia,76ers,1610612760,Oklahoma City,Thunder,0,0,74,89,,240.0,9,7,3,5,28,71,0.394,3,13,0.231,15,25,0.6,9,24,33,13,20,20,21,1,-15,24,12,16,22,,,,23,6,8,2,16,16,34,15,3,1,30,31,78.7,80.4,95.5,96.7,-16.7,-16.3,0.321,0.43,8.0,0.261,0.675,0.453,0.228,0.415,0.451,93.6,92.0,76.67,92,0.261,16.0,19.0,19.0,7.0,38.0,0.817,0.183,0.676,0.216,0.122,0.216,0.203,0.216,0.459,0.28,0.72,0.667,0.333,0.321,0.679,0.352,0.493,0.288,0.228,0.325
20800941,2009-03-08 19:00:00,Regular Season,,,,1610612760,Oklahoma City,Thunder,1610612755,Philadelphia,76ers,1,1,89,74,,240.0,16,13,5,3,35,73,0.479,2,9,0.222,17,21,0.81,10,31,41,8,20,20,21,3,15,18,30,18,23,,,,27,17,16,2,7,19,38,19,3,1,17,46,95.5,96.7,78.7,80.4,16.7,16.3,0.457,0.76,13.2,0.325,0.739,0.547,0.228,0.493,0.541,93.6,92.0,76.67,92,0.739,19.0,16.0,15.0,16.0,34.0,0.877,0.123,0.742,0.315,0.067,0.079,0.191,0.213,0.427,0.424,0.576,1.0,0.0,0.457,0.543,0.288,0.415,0.352,0.228,0.261
20800931,2009-03-07 20:00:00,Regular Season,,,,1610612760,Oklahoma City,Thunder,1610612740,New Orleans,Hornets,0,0,90,108,,240.0,15,12,2,2,33,83,0.398,5,22,0.227,19,21,0.905,14,24,38,3,19,15,16,2,-18,18,31,23,18,,,,23,1,11,4,13,12,36,8,2,0,16,46,95.5,96.8,114.2,114.9,-18.7,-18.1,0.455,0.94,12.3,0.294,0.676,0.455,0.172,0.428,0.488,94.4,93.5,77.92,93,0.355,12.0,16.0,9.0,27.0,54.0,0.735,0.265,0.622,0.222,0.167,0.144,0.211,0.133,0.4,0.357,0.643,1.0,0.0,0.455,0.545,0.253,0.577,0.308,0.16,0.324
20800931,2009-03-07 20:00:00,Regular Season,,,,1610612740,New Orleans,Hornets,1610612760,Oklahoma City,Thunder,1,1,108,90,,240.0,26,10,2,2,42,78,0.538,6,17,0.353,18,24,0.75,9,35,44,9,15,19,15,0,18,31,22,23,32,,,,21,20,9,4,27,16,54,9,2,1,39,22,114.2,114.9,95.5,96.8,18.7,18.1,0.619,1.73,19.7,0.324,0.706,0.545,0.16,0.577,0.61,94.4,93.5,77.92,94,0.645,16.0,12.0,8.0,13.0,36.0,0.782,0.218,0.667,0.167,0.167,0.25,0.167,0.148,0.5,0.583,0.417,0.833,0.167,0.619,0.381,0.308,0.428,0.253,0.172,0.294
20800909,2009-03-04 20:00:00,Regular Season,,,,1610612760,Oklahoma City,Thunder,1610612764,Washington,Wizards,1,1,88,83,,240.0,23,7,5,2,37,74,0.5,3,12,0.25,11,17,0.647,11,30,41,9,20,15,16,2,5,20,24,24,20,,,,19,10,8,12,7,5,38,6,9,0,16,45,101.8,102.3,95.4,97.6,6.4,4.7,0.622,1.44,18.9,0.333,0.702,0.535,0.186,0.52,0.54,86.7,85.5,71.25,86,0.597,5.0,19.0,21.0,0.0,36.0,0.838,0.162,0.773,0.341,0.102,0.08,0.125,0.057,0.432,0.588,0.412,1.0,0.0,0.622,0.378,0.23,0.42,0.333,0.129,0.298
20800909,2009-03-04 20:00:00,Regular Season,,,,1610612764,Washington,Wizards,1610612760,Oklahoma City,Thunder,0,0,83,88,,240.0,14,5,2,5,30,75,0.4,3,9,0.333,20,25,0.8,10,20,30,13,15,20,11,1,-5,26,17,19,21,,,,16,7,6,12,0,19,36,21,9,1,14,47,95.4,97.6,101.8,102.3,-6.4,-4.7,0.467,1.27,12.4,0.298,0.667,0.465,0.129,0.42,0.483,86.7,85.5,71.25,85,0.403,19.0,5.0,6.0,7.0,38.0,0.88,0.12,0.651,0.217,0.108,0.0,0.241,0.229,0.434,0.407,0.593,1.0,0.0,0.467,0.533,0.333,0.52,0.23,0.186,0.333
20800895,2009-03-02 20:00:00,Regular Season,,,,1610612742,Dallas,Mavericks,1610612760,Oklahoma City,Thunder,0,0,87,96,,240.0,17,11,2,6,34,80,0.425,7,24,0.292,12,14,0.857,9,25,34,7,15,18,12,0,-9,23,21,15,28,,,,39,2,11,6,16,13,22,10,7,0,36,24,97.6,100.0,104.9,109.1,-7.4,-9.1,0.5,1.42,14.7,0.261,0.659,0.448,0.138,0.469,0.505,90.3,87.5,72.92,87,0.446,13.0,21.0,12.0,0.0,38.0,0.7,0.3,0.621,0.368,0.241,0.184,0.138,0.149,0.253,0.407,0.593,0.857,0.143,0.5,0.5,0.175,0.526,0.221,0.205,0.341
20800895,2009-03-02 20:00:00,Regular Season,,,,1610612760,Oklahoma City,Thunder,1610612742,Dallas,Mavericks,1,1,96,87,,240.0,23,7,6,2,38,77,0.494,5,13,0.385,15,17,0.882,11,30,41,7,18,15,18,0,9,23,25,31,17,,,,18,23,9,6,0,21,38,12,7,0,15,45,104.9,109.1,97.6,100.0,7.4,9.1,0.605,1.28,18.5,0.341,0.739,0.552,0.205,0.526,0.568,90.3,87.5,72.92,88,0.554,21.0,13.0,10.0,16.0,22.0,0.831,0.169,0.688,0.292,0.156,0.0,0.156,0.219,0.396,0.576,0.424,0.8,0.2,0.605,0.395,0.221,0.469,0.175,0.138,0.261
20800878,2009-02-28 20:00:00,Regular Season,,,,1610612760,Oklahoma City,Thunder,1610612763,Memphis,Grizzlies,0,1,99,92,,240.0,17,10,6,4,33,81,0.407,4,12,0.333,29,36,0.806,13,29,42,10,20,28,14,1,7,29,27,21,22,,,,14,16,10,1,10,25,38,19,1,0,14,45,101.2,104.2,96.6,94.8,4.5,9.4,0.515,1.21,13.4,0.283,0.778,0.51,0.147,0.432,0.511,96.5,96.0,80.0,95,0.541,25.0,12.0,8.0,13.0,52.0,0.852,0.148,0.586,0.202,0.121,0.101,0.293,0.253,0.384,0.448,0.552,1.0,0.0,0.515,0.485,0.444,0.5,0.411,0.175,0.222
20800878,2009-02-28 20:00:00,Regular Season,,,,1610612763,Memphis,Grizzlies,1610612760,Oklahoma City,Thunder,1,0,92,99,,240.0,17,7,4,6,35,73,0.479,3,9,0.333,19,30,0.633,8,36,44,8,28,20,17,2,-7,17,28,16,31,,,,22,2,9,1,13,12,52,8,1,0,15,43,96.6,94.8,101.2,104.2,-4.5,-9.4,0.486,1.0,13.7,0.222,0.717,0.49,0.175,0.5,0.534,96.5,96.0,80.0,97,0.459,12.0,25.0,19.0,10.0,38.0,0.877,0.123,0.696,0.13,0.098,0.141,0.207,0.13,0.565,0.438,0.563,1.0,0.0,0.486,0.514,0.411,0.432,0.444,0.147,0.283
20800870,2009-02-27 20:30:00,Regular Season,,,,1610612742,Dallas,Mavericks,1610612760,Oklahoma City,Thunder,1,1,110,108,,265.0,28,7,6,2,42,94,0.447,4,21,0.19,22,27,0.815,15,37,52,8,21,27,13,1,2,24,24,16,31,15,,15,37,8,16,14,20,17,46,15,18,0,35,23,105.9,107.8,105.4,105.9,0.5,2.0,0.667,2.15,19.0,0.345,0.65,0.504,0.127,0.468,0.519,93.4,92.38,76.98,102,0.555,17.0,15.0,22.0,18.0,40.0,0.777,0.223,0.691,0.273,0.109,0.182,0.2,0.155,0.418,0.632,0.368,1.0,0.0,0.667,0.333,0.287,0.443,0.271,0.137,0.35
20800870,2009-02-27 20:30:00,Regular Season,,,,1610612760,Oklahoma City,Thunder,1610612742,Dallas,Mavericks,0,0,108,110,,265.0,23,8,2,6,39,96,0.406,7,16,0.438,23,26,0.885,19,33,52,5,27,21,14,1,-2,22,21,26,26,13,,13,19,12,9,14,18,15,40,22,18,0,13,45,105.4,105.9,105.9,107.8,-0.5,-2.0,0.59,1.64,15.9,0.35,0.655,0.496,0.137,0.443,0.503,93.4,92.38,76.98,102,0.445,15.0,17.0,15.0,20.0,46.0,0.833,0.167,0.593,0.222,0.194,0.167,0.213,0.139,0.37,0.531,0.469,0.857,0.143,0.59,0.41,0.271,0.468,0.287,0.127,0.345
20800846,2009-02-24 20:00:00,Regular Season,,,,1610612760,Oklahoma City,Thunder,1610612747,Los Angeles,Lakers,1,0,93,107,,240.0,17,6,1,3,33,79,0.418,5,15,0.333,22,29,0.759,12,33,45,7,18,21,17,1,-14,22,22,24,25,,,,25,2,9,1,9,14,34,13,0,0,13,44,96.1,97.9,110.2,111.5,-14.1,-13.6,0.515,1.0,13.6,0.271,0.85,0.534,0.179,0.449,0.507,96.9,95.5,79.58,95,0.421,14.0,20.0,10.0,8.0,30.0,0.81,0.19,0.602,0.237,0.161,0.097,0.237,0.151,0.366,0.464,0.536,0.8,0.2,0.515,0.485,0.367,0.571,0.295,0.125,0.15
20800846,2009-02-24 20:00:00,Regular Season,,,,1610612747,Los Angeles,Lakers,1610612760,Oklahoma City,Thunder,0,1,107,93,,240.0,21,10,3,1,41,78,0.526,7,15,0.467,18,23,0.783,3,27,30,13,21,18,12,1,14,32,24,19,32,,,,26,18,10,1,8,20,30,10,0,1,47,10,110.2,111.5,96.1,97.9,14.1,13.6,0.512,1.75,17.1,0.15,0.729,0.466,0.125,0.571,0.607,96.9,95.5,79.58,96,0.579,20.0,14.0,13.0,9.0,34.0,0.808,0.192,0.636,0.355,0.196,0.075,0.168,0.187,0.28,0.441,0.559,0.857,0.143,0.512,0.488,0.295,0.449,0.367,0.179,0.271
20800826,2009-02-21 22:30:00,Regular Season,,,,1610612760,Oklahoma City,Thunder,1610612744,Golden State,Warriors,0,0,120,133,,240.0,28,14,2,3,45,86,0.523,2,14,0.143,28,33,0.848,16,28,44,6,23,21,23,1,-13,38,32,24,26,,,,9,10,8,7,31,23,54,12,8,0,13,43,111.6,110.1,120.6,123.1,-9.0,-13.1,0.622,1.22,18.2,0.409,0.833,0.6,0.211,0.535,0.597,108.9,108.5,90.42,109,0.473,23.0,30.0,9.0,31.0,40.0,0.837,0.163,0.717,0.267,0.05,0.258,0.233,0.192,0.45,0.628,0.372,0.5,0.5,0.622,0.378,0.384,0.619,0.463,0.157,0.167
20800826,2009-02-21 22:30:00,Regular Season,,,,1610612744,Golden State,Warriors,1610612760,Oklahoma City,Thunder,1,1,133,120,,240.0,21,14,3,2,45,80,0.563,9,19,0.474,34,37,0.919,3,24,27,7,21,23,17,0,13,34,36,31,32,,,,44,13,8,7,31,30,40,9,8,1,20,36,120.6,123.1,111.6,110.1,9.0,13.1,0.467,1.24,15.7,0.167,0.591,0.4,0.157,0.619,0.691,108.9,108.5,90.42,108,0.527,30.0,23.0,12.0,31.0,54.0,0.763,0.238,0.541,0.241,0.203,0.233,0.256,0.226,0.301,0.417,0.583,0.667,0.333,0.467,0.533,0.463,0.535,0.384,0.211,0.409
20800819,2009-02-20 21:00:00,Regular Season,,,,1610612760,Oklahoma City,Thunder,1610612756,Phoenix,Suns,0,0,118,140,,240.0,26,5,4,4,44,96,0.458,12,21,0.571,18,21,0.857,19,28,47,6,27,20,23,0,-22,23,34,36,25,,,,35,0,7,0,11,10,34,24,5,1,13,42,108.0,111.3,134.8,132.1,-26.8,-20.8,0.591,1.13,17.0,0.426,,,0.217,0.521,0.561,106.6,106.0,88.33,106,0.355,10.0,33.0,11.0,37.0,66.0,0.781,0.219,0.542,0.254,0.305,0.093,0.153,0.085,0.288,0.438,0.563,1.0,0.0,0.591,0.409,0.219,0.648,0.297,0.104,
20800819,2009-02-20 21:00:00,Regular Season,,,,1610612756,Phoenix,Suns,1610612760,Oklahoma City,Thunder,1,1,140,118,,240.0,35,14,4,4,53,91,0.582,12,22,0.545,22,27,0.815,10,30,40,5,20,27,11,0,22,38,41,24,37,,,,24,28,12,0,37,33,66,11,5,1,31,23,134.8,132.1,108.0,111.3,26.8,20.8,0.66,3.18,23.2,,0.574,,0.104,0.648,0.68,106.6,106.0,88.33,106,0.645,33.0,10.0,24.0,11.0,34.0,0.758,0.242,0.586,0.114,0.257,0.264,0.157,0.236,0.471,0.585,0.415,0.917,0.083,0.66,0.34,0.297,0.521,0.219,0.217,0.426
20800793,2009-02-17 20:00:00,Regular Season,,,,1610612760,Oklahoma City,Thunder,1610612740,New Orleans,Hornets,1,0,98,100,,240.0,19,5,3,5,36,84,0.429,6,23,0.261,20,25,0.8,13,32,45,5,17,18,11,1,-2,18,29,24,27,,,,9,2,9,9,13,17,46,13,6,0,13,41,105.4,108.9,109.3,109.9,-3.9,-1.0,0.528,1.73,15.4,0.275,0.81,0.516,0.122,0.464,0.516,92.2,90.5,75.42,90,0.467,17.0,17.0,6.0,3.0,32.0,0.726,0.274,0.612,0.143,0.184,0.133,0.204,0.173,0.469,0.433,0.567,1.0,0.0,0.528,0.472,0.298,0.544,0.215,0.121,0.19
20800793,2009-02-17 20:00:00,Regular Season,,,,1610612740,New Orleans,Hornets,1610612760,Oklahoma City,Thunder,0,1,100,98,,240.0,17,7,5,3,39,79,0.494,8,23,0.348,14,17,0.824,6,35,41,5,18,17,11,0,2,32,21,25,22,,,,13,16,10,9,3,17,32,6,6,1,31,20,109.3,109.9,105.4,108.9,3.9,1.0,0.436,1.55,14.7,0.19,0.725,0.484,0.121,0.544,0.578,92.2,90.5,75.42,91,0.533,17.0,17.0,13.0,13.0,46.0,0.709,0.291,0.62,0.3,0.24,0.03,0.14,0.17,0.32,0.323,0.677,0.875,0.125,0.436,0.564,0.215,0.464,0.298,0.122,0.275
20800783,2009-02-11 22:00:00,Regular Season,,,,1610612760,Oklahoma City,Thunder,1610612757,Portland,Trail Blazers,0,0,92,106,,240.0,21,7,3,5,32,82,0.39,1,7,0.143,27,32,0.844,14,21,35,10,20,22,11,0,-14,20,26,28,18,,,,28,2,7,6,15,18,32,19,7,1,13,40,98.8,101.1,113.0,116.5,-14.2,-15.4,0.656,1.91,16.4,0.346,0.522,0.429,0.121,0.396,0.479,93.4,91.0,75.83,91,0.392,18.0,13.0,24.0,15.0,50.0,0.915,0.085,0.674,0.326,0.033,0.163,0.293,0.196,0.348,0.645,0.355,1.0,0.0,0.656,0.344,0.39,0.535,0.233,0.165,0.478
20800783,2009-02-11 22:00:00,Regular Season,,,,1610612757,Portland,Trail Blazers,1610612760,Oklahoma City,Thunder,1,1,106,92,,240.0,29,8,5,3,42,86,0.488,8,19,0.421,14,20,0.7,16,32,48,12,22,20,15,0,14,23,30,27,26,,,,52,20,14,6,15,13,50,24,7,0,32,19,113.0,116.5,98.8,101.1,14.2,15.4,0.69,1.93,20.6,0.478,0.654,0.571,0.165,0.535,0.559,93.4,91.0,75.83,91,0.608,13.0,18.0,19.0,15.0,32.0,0.779,0.221,0.642,0.17,0.226,0.142,0.132,0.123,0.472,0.618,0.382,1.0,0.0,0.69,0.31,0.233,0.396,0.39,0.121,0.346
20800772,2009-02-10 22:30:00,Regular Season,,,,1610612747,Los Angeles,Lakers,1610612760,Oklahoma City,Thunder,1,1,105,98,,240.0,21,7,4,6,45,99,0.455,5,20,0.25,10,17,0.588,16,40,56,8,18,20,13,0,7,25,35,20,25,,,,31,15,11,12,8,12,54,21,10,1,42,9,101.5,102.9,94.2,96.1,7.2,6.9,0.467,1.62,14.9,0.328,0.75,0.535,0.127,0.48,0.493,103.7,102.0,85.0,102,0.523,12.0,15.0,12.0,22.0,36.0,0.798,0.202,0.762,0.248,0.143,0.076,0.095,0.114,0.514,0.4,0.6,1.0,0.0,0.467,0.533,0.172,0.433,0.281,0.137,0.25
20800772,2009-02-10 22:30:00,Regular Season,,,,1610612760,Oklahoma City,Thunder,1610612747,Los Angeles,Lakers,0,0,98,105,,240.0,25,8,6,4,35,89,0.393,7,18,0.389,21,25,0.84,10,36,46,9,20,18,14,1,-7,25,22,26,25,,,,21,5,6,12,22,15,36,12,10,0,13,39,94.2,96.1,101.5,102.9,-7.2,-6.9,0.714,1.79,18.0,0.25,0.672,0.465,0.137,0.433,0.49,103.7,102.0,85.0,102,0.477,15.0,12.0,21.0,8.0,54.0,0.798,0.202,0.571,0.204,0.214,0.224,0.214,0.153,0.367,0.714,0.286,0.714,0.286,0.714,0.286,0.281,0.48,0.172,0.127,0.328
20800757,2009-02-08 19:00:00,Regular Season,,,,1610612760,Oklahoma City,Thunder,1610612758,Sacramento,Kings,1,1,116,113,,240.0,23,7,5,4,45,85,0.529,4,11,0.364,22,28,0.786,11,30,41,5,15,22,11,1,3,34,25,25,32,,,,27,19,8,9,15,13,54,18,12,0,13,38,119.2,122.1,120.2,117.7,-1.0,4.4,0.511,2.09,17.7,0.279,,,0.116,0.553,0.596,95.7,95.5,79.58,95,0.526,13.0,14.0,8.0,13.0,40.0,0.871,0.129,0.707,0.241,0.103,0.129,0.19,0.112,0.466,0.488,0.512,0.75,0.25,0.511,0.489,0.329,0.625,0.2,0.135,
20800757,2009-02-08 19:00:00,Regular Season,,,,1610612758,Sacramento,Kings,1610612760,Oklahoma City,Thunder,0,0,113,116,,240.0,23,6,4,5,44,80,0.55,12,18,0.667,13,16,0.813,6,28,34,5,22,15,13,1,-3,23,23,34,33,,,,17,3,8,9,13,14,40,8,12,0,11,41,120.2,117.7,119.2,122.1,1.0,-4.4,0.523,1.77,18.4,,0.721,,0.135,0.625,0.649,95.7,95.5,79.58,96,0.474,14.0,13.0,18.0,15.0,54.0,0.775,0.225,0.566,0.212,0.319,0.115,0.115,0.124,0.354,0.5,0.5,0.583,0.417,0.523,0.477,0.2,0.553,0.329,0.116,0.279
20701136,2008-04-04 22:30:00,Regular Season,,,,1610612760,Seattle,SuperSonics,1610612745,Houston,Rockets,1,0,66,79,,240.0,13,8,3,4,25,83,0.301,1,6,0.167,15,17,0.882,21,31,52,8,18,18,18,0,-13,17,24,13,12,,,,26,3,7,6,11,10,26,25,4,0,17,59,75.4,78.6,92.3,92.9,-16.8,-14.4,0.52,0.72,10.7,0.424,0.68,0.541,0.214,0.307,0.365,86.5,84.5,70.42,84,0.37,10.0,17.0,9.0,6.0,24.0,0.928,0.072,0.727,0.333,0.045,0.167,0.227,0.152,0.394,0.542,0.458,0.0,1.0,0.52,0.48,0.205,0.449,0.192,0.153,0.32
20701136,2008-04-04 22:30:00,Regular Season,,,,1610612745,Houston,Rockets,1610612760,Seattle,SuperSonics,0,1,79,66,,240.0,18,7,4,3,31,78,0.397,8,23,0.348,9,15,0.6,12,30,42,11,18,18,13,1,13,22,18,29,10,,,,18,17,11,6,6,17,24,9,4,0,51,25,92.3,92.9,75.4,78.6,16.8,14.4,0.581,1.38,15.4,0.32,0.576,0.459,0.153,0.449,0.467,86.5,84.5,70.42,85,0.63,17.0,10.0,25.0,11.0,26.0,0.705,0.295,0.582,0.278,0.304,0.076,0.114,0.215,0.304,0.435,0.565,1.0,0.0,0.581,0.419,0.192,0.307,0.205,0.214,0.424
20701121,2008-04-02 22:00:00,Regular Season,,,,1610612760,Seattle,SuperSonics,1610612746,Los Angeles,Clippers,1,0,84,102,,240.0,17,5,3,5,35,93,0.376,1,11,0.091,13,20,0.65,17,33,50,7,19,18,15,1,-18,22,28,20,14,,,,8,4,9,12,15,12,42,13,4,0,17,58,84.2,85.7,103.7,103.0,-19.5,-17.3,0.486,1.13,12.7,0.328,,,0.153,0.382,0.413,99.1,98.5,82.08,98,0.338,12.0,15.0,14.0,14.0,36.0,0.882,0.118,0.81,0.31,0.036,0.179,0.155,0.143,0.5,0.471,0.529,1.0,0.0,0.486,0.514,0.215,0.506,0.226,0.172,
20701121,2008-04-02 22:00:00,Regular Season,,,,1610612746,Los Angeles,Clippers,1610612760,Seattle,SuperSonics,0,1,102,84,,240.0,21,10,5,3,40,84,0.476,5,11,0.455,17,19,0.895,11,38,49,5,18,19,17,0,18,27,21,21,33,,,,42,18,8,12,14,15,36,14,4,0,23,52,103.7,103.0,84.2,85.7,19.5,17.3,0.525,1.24,15.8,,0.672,,0.172,0.506,0.552,99.1,98.5,82.08,99,0.662,15.0,12.0,13.0,15.0,42.0,0.869,0.131,0.686,0.333,0.147,0.137,0.167,0.147,0.353,0.457,0.543,1.0,0.0,0.525,0.475,0.226,0.382,0.215,0.153,0.328
20701097,2008-03-30 21:00:00,Regular Season,,,,1610612760,Seattle,SuperSonics,1610612758,Sacramento,Kings,1,0,107,120,,240.0,24,6,4,4,44,92,0.478,8,17,0.471,11,15,0.733,11,20,31,11,25,18,14,1,-13,39,26,18,24,,,,25,9,9,9,4,17,30,13,11,0,17,57,105.3,110.3,122.3,122.4,-17.0,-12.1,0.545,1.71,17.5,0.333,0.649,0.466,0.144,0.522,0.543,99.8,97.5,81.25,97,0.378,17.0,20.0,13.0,16.0,56.0,0.815,0.185,0.673,0.393,0.224,0.037,0.103,0.159,0.28,0.444,0.556,1.0,0.0,0.545,0.455,0.163,0.59,0.41,0.163,0.351
20701097,2008-03-30 21:00:00,Regular Season,,,,1610612758,Sacramento,Kings,1610612760,Seattle,SuperSonics,0,1,120,107,,240.0,24,11,4,4,43,78,0.551,6,17,0.353,28,32,0.875,10,32,42,7,18,25,16,2,13,34,28,32,26,,,,31,19,11,9,16,20,56,13,11,0,33,40,122.3,122.4,105.3,110.3,17.0,12.1,0.558,1.5,17.9,0.351,0.667,0.534,0.163,0.59,0.652,99.8,97.5,81.25,98,0.622,20.0,17.0,13.0,4.0,30.0,0.782,0.218,0.617,0.15,0.15,0.133,0.233,0.167,0.467,0.486,0.514,1.0,0.0,0.558,0.442,0.41,0.522,0.163,0.144,0.333
20701083,2008-03-28 22:30:00,Regular Season,,,,1610612766,Charlotte,Bobcats,1610612760,Seattle,SuperSonics,0,1,96,93,,240.0,20,11,3,6,34,78,0.436,10,19,0.526,18,23,0.783,6,27,33,13,16,21,10,1,3,38,17,17,24,,,,11,16,7,12,15,10,38,9,6,0,27,45,104.2,105.5,96.8,103.3,7.4,2.2,0.588,2.0,16.5,0.234,0.733,0.478,0.11,0.5,0.545,94.1,90.5,75.42,91,0.53,10.0,8.0,12.0,16.0,36.0,0.756,0.244,0.5,0.104,0.313,0.156,0.188,0.104,0.396,0.458,0.542,0.9,0.1,0.588,0.412,0.295,0.488,0.195,0.144,0.267
20701083,2008-03-28 22:30:00,Regular Season,,,,1610612760,Seattle,SuperSonics,1610612766,Charlotte,Bobcats,1,0,93,96,,240.0,17,6,6,3,38,82,0.463,4,15,0.267,13,16,0.813,6,33,39,11,21,16,13,0,-3,27,26,23,17,,,,31,4,12,12,16,8,36,12,6,0,17,56,96.8,103.3,104.2,105.5,-7.4,-2.2,0.447,1.31,14.3,0.267,0.766,0.522,0.144,0.488,0.522,94.1,90.5,75.42,90,0.47,8.0,10.0,9.0,15.0,38.0,0.817,0.183,0.731,0.344,0.129,0.172,0.14,0.086,0.387,0.382,0.618,1.0,0.0,0.447,0.553,0.195,0.5,0.295,0.11,0.234
20701068,2008-03-26 22:00:00,Regular Season,,,,1610612760,Seattle,SuperSonics,1610612764,Washington,Wizards,1,0,99,104,,240.0,18,6,2,6,39,85,0.459,1,9,0.111,20,24,0.833,16,33,49,8,16,21,13,0,-5,23,33,19,24,,,,25,17,10,6,15,16,50,20,7,0,17,55,107.0,107.6,113.3,113.0,-6.3,-5.4,0.462,1.38,14.0,0.404,0.795,0.593,0.141,0.465,0.518,92.2,92.0,76.67,92,0.483,16.0,20.0,8.0,4.0,42.0,0.894,0.106,0.768,0.263,0.03,0.152,0.202,0.162,0.505,0.447,0.553,1.0,0.0,0.462,0.538,0.282,0.524,0.244,0.098,0.205
20701068,2008-03-26 22:00:00,Regular Season,,,,1610612764,Washington,Wizards,1610612760,Seattle,SuperSonics,0,1,104,99,,240.0,22,11,6,2,38,82,0.463,10,28,0.357,18,20,0.9,8,24,32,7,21,16,9,0,5,29,21,18,36,,,,35,10,10,6,4,20,42,8,7,0,37,34,113.3,113.0,107.0,107.6,6.3,5.4,0.579,2.44,18.0,0.205,0.596,0.407,0.098,0.524,0.573,92.2,92.0,76.67,92,0.517,20.0,16.0,20.0,15.0,50.0,0.659,0.341,0.538,0.135,0.288,0.038,0.173,0.192,0.404,0.5,0.5,0.8,0.2,0.579,0.421,0.244,0.465,0.282,0.141,0.404
20701050,2008-03-24 22:00:00,Regular Season,,,,1610612757,Portland,Trail Blazers,1610612760,Seattle,SuperSonics,0,0,84,97,,240.0,21,4,6,4,33,86,0.384,7,17,0.412,11,14,0.786,8,27,35,15,21,15,12,1,-13,25,28,10,21,,,,29,8,10,2,3,8,30,10,3,0,37,34,87.4,94.4,110.8,109.0,-23.4,-14.6,0.636,1.75,16.7,0.291,0.8,0.505,0.135,0.424,0.456,91.9,89.0,74.17,89,0.366,8.0,6.0,7.0,9.0,34.0,0.802,0.198,0.619,0.262,0.25,0.036,0.131,0.095,0.357,0.538,0.462,1.0,0.0,0.636,0.364,0.163,0.541,0.324,0.112,0.2
20701050,2008-03-24 22:00:00,Regular Season,,,,1610612760,Seattle,SuperSonics,1610612757,Portland,Trail Blazers,1,1,97,84,,240.0,21,5,4,6,37,74,0.5,6,12,0.5,17,24,0.708,7,34,41,9,15,21,10,0,13,21,28,22,26,,,,20,14,8,2,9,6,34,7,3,0,17,54,110.8,109.0,87.4,94.4,23.4,14.6,0.568,2.1,17.8,0.2,0.709,0.495,0.112,0.541,0.574,91.9,89.0,74.17,89,0.634,6.0,8.0,10.0,3.0,30.0,0.838,0.162,0.639,0.289,0.186,0.093,0.175,0.062,0.351,0.484,0.516,1.0,0.0,0.568,0.432,0.324,0.424,0.163,0.135,0.291
20701037,2008-03-22 21:00:00,Regular Season,,,,1610612762,Utah,Jazz,1610612760,Seattle,SuperSonics,1,1,115,101,,240.0,26,7,4,5,41,86,0.477,6,23,0.261,27,38,0.711,16,30,46,8,24,25,10,0,14,23,29,33,30,,,,29,16,8,4,6,24,58,10,10,0,46,25,118.9,118.6,102.0,105.2,16.9,13.3,0.634,2.6,18.6,0.333,0.727,0.516,0.103,0.512,0.56,97.9,96.5,80.42,97,0.596,24.0,8.0,11.0,12.0,46.0,0.733,0.267,0.609,0.104,0.157,0.052,0.235,0.209,0.504,0.571,0.429,1.0,0.0,0.634,0.366,0.442,0.506,0.316,0.177,0.273
20701037,2008-03-22 21:00:00,Regular Season,,,,1610612760,Seattle,SuperSonics,1610612762,Utah,Jazz,0,0,101,115,,240.0,14,2,5,4,38,79,0.481,4,12,0.333,21,25,0.84,8,30,38,9,25,24,17,1,-14,34,27,20,20,,,,26,12,11,4,12,8,46,11,10,0,16,54,102.0,105.2,118.9,118.6,-16.9,-13.3,0.368,0.82,11.5,0.273,0.667,0.484,0.177,0.506,0.561,97.9,96.5,80.42,96,0.404,8.0,24.0,10.0,6.0,58.0,0.848,0.152,0.673,0.218,0.119,0.119,0.208,0.079,0.455,0.294,0.706,1.0,0.0,0.368,0.632,0.316,0.512,0.442,0.103,0.333
20701027,2008-03-21 22:30:00,Regular Season,,,,1610612760,Seattle,SuperSonics,1610612747,Los Angeles,Lakers,0,0,105,130,,240.0,20,5,0,0,42,90,0.467,5,13,0.385,16,21,0.762,19,22,41,5,12,18,16,0,-25,21,33,22,29,,,,48,0,7,0,7,7,40,29,0,0,16,53,109.1,110.5,137.8,135.4,-28.7,-24.9,0.476,1.25,14.8,,0.676,,0.168,0.494,0.529,95.3,95.5,79.58,95,0.359,7.0,24.0,14.0,8.0,60.0,0.856,0.144,0.705,0.324,0.143,0.067,0.152,0.067,0.381,0.486,0.514,0.4,0.6,0.476,0.524,0.233,0.679,0.226,0.115,0.324
20701027,2008-03-21 22:30:00,Regular Season,,,,1610612747,Los Angeles,Lakers,1610612760,Seattle,SuperSonics,1,1,130,105,,240.0,36,8,0,0,51,84,0.607,12,23,0.522,16,19,0.842,9,30,39,4,18,12,11,2,25,34,28,31,37,,,,56,27,10,0,8,24,60,14,0,0,48,21,137.8,135.4,109.1,110.5,28.7,24.9,0.706,3.27,25.4,0.324,,,0.115,0.679,0.704,95.3,95.5,79.58,96,0.641,24.0,7.0,29.0,7.0,40.0,0.726,0.274,0.6,0.138,0.277,0.062,0.123,0.185,0.462,0.615,0.385,1.0,0.0,0.706,0.294,0.226,0.494,0.233,0.168,
20701014,2008-03-19 22:00:00,Regular Season,,,,1610612760,Seattle,SuperSonics,1610612756,Phoenix,Suns,1,0,98,110,,240.0,17,12,3,2,38,80,0.475,3,6,0.5,19,24,0.792,9,23,32,6,17,19,19,1,-12,23,32,23,20,,,,34,1,10,2,22,32,44,8,2,0,16,52,97.5,97.0,110.1,108.9,-12.6,-11.9,0.447,0.89,13.2,,0.686,,0.188,0.494,0.541,100.2,101.0,84.17,101,0.424,32.0,14.0,6.0,22.0,46.0,0.925,0.075,0.714,0.265,0.092,0.224,0.194,0.327,0.449,0.429,0.571,0.667,0.333,0.447,0.553,0.3,0.673,0.24,0.267,0.314
20701014,2008-03-19 22:00:00,Regular Season,,,,1610612756,Phoenix,Suns,1610612760,Seattle,SuperSonics,0,1,110,98,,240.0,26,11,2,3,43,75,0.573,15,21,0.714,9,18,0.5,10,33,43,7,19,17,27,1,12,34,30,20,26,,,,25,14,12,2,22,14,46,6,2,0,46,22,110.1,108.9,97.5,97.0,12.6,11.9,0.605,0.96,18.8,0.314,,,0.267,0.673,0.663,100.2,101.0,84.17,101,0.576,14.0,32.0,8.0,22.0,44.0,0.72,0.28,0.509,0.091,0.409,0.2,0.082,0.127,0.418,0.5,0.5,0.8,0.2,0.605,0.395,0.24,0.494,0.3,0.188,
20700989,2008-03-16 21:00:00,Regular Season,,,,1610612760,Seattle,SuperSonics,1610612743,Denver,Nuggets,0,0,116,168,,240.0,28,12,8,10,46,107,0.43,2,10,0.2,22,32,0.688,18,27,45,9,24,19,16,0,-52,29,29,27,31,,,,40,0,6,0,22,12,64,16,0,0,16,51,97.4,98.3,137.3,140.0,-39.8,-41.7,0.609,1.75,16.9,0.303,0.707,0.458,0.136,0.439,0.479,120.7,119.0,99.17,118,0.3,12.0,27.0,20.0,49.0,64.0,0.907,0.093,0.759,0.207,0.052,0.19,0.19,0.103,0.552,0.591,0.409,1.0,0.0,0.609,0.391,0.299,0.683,0.347,0.117,0.293
20700989,2008-03-16 21:00:00,Regular Season,,,,1610612743,Denver,Nuggets,1610612760,Seattle,SuperSonics,1,1,168,116,,240.0,44,12,10,8,61,101,0.604,16,31,0.516,30,35,0.857,8,43,51,11,19,24,14,0,52,48,36,43,41,,,,74,55,9,0,49,27,64,20,0,0,40,26,137.3,140.0,97.4,98.3,39.8,41.7,0.721,3.14,25.1,0.293,0.697,0.542,0.117,0.683,0.722,120.7,119.0,99.17,120,0.7,27.0,12.0,16.0,22.0,64.0,0.693,0.307,0.536,0.155,0.286,0.292,0.179,0.161,0.381,0.622,0.378,1.0,0.0,0.721,0.279,0.347,0.439,0.299,0.136,0.303
20700975,2008-03-14 22:30:00,Regular Season,,,,1610612760,Seattle,SuperSonics,1610612750,Minnesota,Timberwolves,1,0,116,121,,240.0,24,5,5,4,46,88,0.523,5,9,0.556,19,24,0.792,13,22,35,5,23,21,17,1,-5,30,30,28,28,,,,34,9,9,9,20,27,44,6,13,0,16,50,113.1,117.2,117.2,121.0,-4.1,-3.8,0.522,1.41,17.5,0.333,0.523,0.427,0.172,0.551,0.588,102.9,99.5,82.92,99,0.462,27.0,29.0,17.0,16.0,64.0,0.898,0.102,0.707,0.328,0.129,0.172,0.164,0.233,0.379,0.488,0.512,0.8,0.2,0.522,0.478,0.273,0.535,0.435,0.17,0.477
20700975,2008-03-14 22:30:00,Regular Season,,,,1610612750,Minnesota,Timberwolves,1610612760,Seattle,SuperSonics,0,1,121,116,,240.0,20,12,4,5,43,85,0.506,5,10,0.5,30,37,0.811,15,28,43,13,21,23,17,1,5,32,25,40,24,,,,41,13,8,9,16,29,64,17,13,0,15,49,117.2,121.0,113.1,117.2,4.1,3.8,0.465,1.18,14.2,0.477,0.667,0.573,0.17,0.535,0.597,102.9,99.5,82.92,100,0.538,29.0,27.0,6.0,20.0,44.0,0.882,0.118,0.628,0.099,0.124,0.132,0.248,0.24,0.529,0.421,0.579,0.8,0.2,0.465,0.535,0.435,0.551,0.273,0.172,0.333
20700954,2008-03-12 19:30:00,Regular Season,,,,1610612760,Seattle,SuperSonics,1610612738,Boston,Celtics,0,0,82,111,,240.0,19,3,9,7,35,92,0.38,1,14,0.071,11,15,0.733,17,30,47,12,23,17,22,3,-29,24,20,16,22,,,,30,4,7,7,9,13,40,14,1,0,16,49,79.2,85.4,110.4,114.4,-31.2,-29.0,0.543,0.86,13.7,,0.694,,0.229,0.386,0.416,102.1,96.5,80.42,96,0.265,13.0,22.0,10.0,13.0,42.0,0.848,0.152,0.829,0.341,0.037,0.11,0.134,0.159,0.488,0.529,0.471,1.0,0.0,0.543,0.457,0.163,0.534,0.27,0.113,0.306
20700954,2008-03-12 19:30:00,Regular Season,,,,1610612738,Boston,Celtics,1610612760,Seattle,SuperSonics,1,1,111,82,,240.0,31,7,7,9,45,89,0.506,5,11,0.455,16,24,0.667,10,36,46,8,17,23,11,1,29,34,30,28,19,,,,50,37,10,7,13,22,42,10,1,0,51,12,110.4,114.4,79.2,85.4,31.2,29.0,0.689,2.82,21.7,0.306,,,0.113,0.534,0.557,102.1,96.5,80.42,97,0.735,22.0,13.0,14.0,9.0,40.0,0.876,0.124,0.721,0.342,0.135,0.117,0.144,0.198,0.378,0.675,0.325,0.8,0.2,0.689,0.311,0.27,0.386,0.163,0.229,
10700032,2007-10-12 19:30:00,,,,,1610612760,Seattle,SuperSonics,1610612739,Cleveland,Cavaliers,0,1,96,90,,240.0,20,9,3,11,37,91,0.407,6,15,0.4,16,29,0.552,20,34,54,,22,20,13,,6,,,,,,,,,,,,,,,,,,,,99.2,101.1,93.6,96.8,5.7,4.3,0.541,1.54,14.5,0.426,0.725,0.563,0.137,0.44,0.463,96.5,94.0,78.33,95,0.509,19.0,16.0,12.0,14.0,24.0,0.835,0.165,0.646,0.229,0.188,0.188,0.167,0.198,0.417,0.452,0.548,1.0,0.0,0.541,0.459,0.319,0.418,0.38,0.161,0.275
10700032,2007-10-12 19:30:00,,,,,1610612739,Cleveland,Cavaliers,1610612760,Seattle,SuperSonics,1,0,90,96,,240.0,17,6,11,3,31,79,0.392,4,23,0.174,24,30,0.8,11,31,42,,20,22,15,,-6,,,,,,,,,,,,,,,,,,,,93.6,96.8,99.2,101.1,-5.7,-4.3,0.548,1.13,13.7,0.275,0.574,0.438,0.161,0.418,0.488,96.5,94.0,78.33,93,0.491,16.0,19.0,24.0,18.0,40.0,0.709,0.291,0.6,0.333,0.133,0.156,0.267,0.178,0.267,0.481,0.519,1.0,0.0,0.548,0.452,0.38,0.44,0.319,0.137,0.426
10700011,2007-10-09 22:00:00,,,,,1610612760,Seattle,SuperSonics,1610612758,Sacramento,Kings,0,0,98,104,,240.0,25,13,5,5,40,80,0.5,2,7,0.286,16,22,0.727,10,30,40,,25,19,28,,-6,,,,,,,,,,,,,,,,,,,,91.0,93.3,96.4,98.1,-5.4,-4.8,0.625,0.89,17.5,0.302,0.647,0.489,0.267,0.513,0.546,107.8,105.5,87.92,105,0.479,20.0,28.0,8.0,19.0,38.0,0.913,0.088,0.776,0.224,0.061,0.224,0.163,0.204,0.551,0.605,0.395,1.0,0.0,0.625,0.375,0.275,0.457,0.444,0.226,0.353
10700011,2007-10-09 22:00:00,,,,,1610612758,Sacramento,Kings,1610612760,Seattle,SuperSonics,1,1,104,98,,240.0,19,17,5,5,33,81,0.407,8,25,0.32,30,36,0.833,13,29,42,,19,25,24,,6,,,,,,,,,,,,,,,,,,,,96.4,98.1,91.0,93.3,5.4,4.8,0.576,0.79,13.6,0.353,0.698,0.511,0.226,0.457,0.537,107.8,105.5,87.92,106,0.521,28.0,20.0,16.0,22.0,54.0,0.691,0.309,0.481,0.115,0.231,0.183,0.288,0.269,0.365,0.52,0.48,0.75,0.25,0.576,0.424,0.444,0.513,0.275,0.267,0.302
